"","ID","Gender.x","Certificate","PQ01","PQ02","PQ03","PQ04","PQ05","PQ06","PQ07","PQ08","PQ09","PQ10","PQ11","PQ12","PQ13","PQ14","PQ15","PQ16","PQ17","PQ18","PQ19","SQ07","SQ08","SQ09","SQ10","SQ11","SQ12","SQ13","SQ14","SQ15","SQ16","SQ17","SQ18","SQ19","SQ20","SQ21","SQ22","SQ23","SQ24","SQ25","SQ26","SQ27","SQ28","SQ29","SQ31","SQ32"
"1","4232","Male","IB",4,5,4,4,5,4,3,3,3,3,3,3,3,3,4,4,4,4,4,4,4,4,5,3,4,4,3,4,5,4,4,4,4,4,4,4,5,4,4,4,3,4,4,4
"2","4235","Male","IB",5,5,5,5,3,3,2,4,4,5,4,5,4,4,5,5,5,4,4,3,4,4,5,5,5,3,5,5,4,5,5,5,4,4,5,4,5,5,5,3,4,5,5,4
"3","4230","Female","IB",1,1,1,1,1,1,1,5,5,5,5,5,5,5,5,5,5,5,5,5,4,5,5,5,5,4,5,5,3,4,4,4,5,4,4,4,4,4,5,5,5,4,5,5
"4","4421","Male","IB",5,5,4,5,5,2,1,3,1,1,3,1,1,1,5,3,4,5,2,4,5,4,4,4,5,4,4,5,4,4,5,4,4,3,4,5,3,3,5,5,4,3,5,5
"5","4219","Male","IB",5,5,5,5,5,5,5,5,5,5,5,5,5,5,5,5,5,5,5,4,5,5,5,5,5,5,5,5,5,5,5,3,4,3,5,5,5,4,5,5,5,5,5,5
"6","4229","Female","IB",5,5,5,5,5,5,5,5,5,5,5,5,5,5,5,5,5,5,5,4,5,5,5,4,5,5,5,4,4,4,5,5,5,4,5,5,4,5,5,5,5,5,5,5
"7","4236","Male","IB",5,4,5,5,4,5,5,5,5,4,5,1,5,1,5,3,5,5,5,4,4,4,4,4,4,4,4,4,4,4,4,4,3,4,4,5,4,5,5,4,4,4,4,4
"8","4224","Female","IB",5,5,3,5,5,4,4,3,3,3,5,1,4,1,4,5,5,5,5,4,5,5,5,4,5,4,4,5,5,5,5,4,4,4,5,5,5,5,5,4,5,5,5,4
"9","4254","Female","IGCSE (British)",4,5,3,5,4,3,3,1,2,1,4,3,3,4,3,4,5,5,4,3,4,5,4,5,5,4,3,5,4,5,5,4,4,3,4,5,5,5,5,4,5,5,5,5
"10","4267","Female","IGCSE (British)",3,5,2,4,5,5,5,1,5,5,3,5,5,1,5,3,5,5,5,5,4,4,4,4,4,4,4,4,5,5,5,5,4,5,5,5,5,5,5,5,5,5,5,5
"11","4261","Female","IGCSE (British)",5,4,5,5,4,3,3,3,3,3,4,2,1,3,5,4,5,4,4,4,4,5,5,4,4,5,4,3,5,4,4,2,3,4,4,4,5,5,5,5,4,4,4,5
"12","4246","Male","IGCSE (British)",3,3,5,4,4,1,1,1,1,1,3,3,3,3,3,3,5,4,5,4,4,4,4,4,4,4,4,4,3,3,3,4,3,4,3,2,4,3,4,4,4,4,4,4
"13","4251","Female","IGCSE (British)",3,4,5,4,5,1,4,2,3,4,3,3,5,4,4,2,3,4,4,4,3,4,4,5,4,3,3,4,4,3,5,3,4,2,3,4,4,5,4,4,5,5,4,4
"14","4241","Male","IGCSE (British)",5,5,5,5,5,1,1,1,1,1,3,1,3,3,4,4,5,5,5,5,5,5,5,5,5,5,5,4,5,5,5,5,5,5,5,5,5,5,5,5,5,5,5,5
"15","4247","Male","IGCSE (British)",4,5,4,4,5,1,1,1,1,1,3,3,1,1,5,4,5,5,5,5,5,5,5,4,5,5,5,3,5,4,4,4,4,5,4,5,5,5,5,5,5,5,4,5
"16","4244","Male","IGCSE (British)",3,4,3,5,4,1,1,4,3,2,5,5,5,4,3,3,5,4,4,5,2,1,3,2,5,5,3,1,4,4,5,5,4,4,4,4,5,4,2,4,5,4,5,4
"17","4257","Female","IGCSE (British)",5,4,5,5,4,5,5,5,3,3,5,3,3,2,4,4,5,5,5,5,5,5,5,5,5,5,5,3,3,4,4,3,3,3,4,3,4,4,5,5,4,3,5,5
"18","4259","Female","IGCSE (British)",5,5,5,5,5,4,4,3,3,4,4,4,5,2,5,4,5,5,5,5,4,5,5,4,5,5,4,5,5,5,5,5,5,5,5,5,5,5,5,5,4,5,5,5
"19","4242","Male","IGCSE (British)",2,2,5,5,4,3,1,1,3,3,5,4,5,5,3,3,4,3,4,1,1,1,1,1,1,1,1,1,1,1,1,1,1,1,1,1,1,1,1,1,1,1,1,1
"20","4276","Male","IGCSE (British)",5,5,5,5,4,2,1,1,1,1,2,1,1,1,5,4,5,4,5,4,4,4,4,4,4,4,4,4,5,5,5,5,5,4,4,4,5,5,5,5,5,5,5,5
"21","4272","Female","IGCSE (British)",5,5,3,5,5,1,1,1,1,1,3,1,3,1,3,1,5,5,3,4,4,4,4,4,4,4,3,4,4,4,4,4,4,4,4,4,4,3,4,4,4,4,4,4
"22","4284","Female","IGCSE (British)",3,4,2,3,4,2,1,3,2,2,4,2,2,2,3,4,4,2,2,4,4,3,4,4,4,4,5,3,4,4,4,3,4,4,3,3,3,3,4,3,4,3,4,5
"23","4294F","Female","IGCSE (British)",5,4,5,5,5,2,2,2,1,1,2,1,3,1,5,4,5,4,5,5,5,5,5,4,4,5,5,4,5,5,5,5,4,4,4,5,5,5,4,5,5,5,5,5
"24","4287","Female","IGCSE (British)",5,5,5,5,5,3,3,2,1,1,2,2,2,1,2,2,5,5,5,5,5,5,5,5,5,4,4,4,5,5,5,4,5,5,5,5,5,5,5,5,5,5,5,5
"25","4275","Male","IGCSE (British)",4,5,5,5,4,2,1,1,3,3,5,2,5,4,5,5,5,5,4,5,4,5,4,5,4,5,5,4,4,5,5,5,4,5,5,5,5,5,5,5,5,5,5,5
"26","4273","Male","IGCSE (British)",4,5,5,4,5,4,3,4,1,1,3,1,4,4,5,5,5,5,5,5,5,4,5,4,4,4,4,5,4,4,5,5,3,5,5,5,5,4,5,5,5,5,5,5
"27","4289","Female","IGCSE (British)",4,5,4,3,5,5,5,3,5,3,4,5,4,4,3,3,4,3,4,4,4,4,4,4,5,4,3,4,4,4,4,4,3,5,4,4,3,2,4,4,4,3,3,4
"28","4277","Male","IGCSE (British)",3,NA,3,5,5,2,2,1,1,2,3,3,1,1,4,4,4,4,4,3,4,5,4,5,4,5,4,4,2,3,4,4,4,2,3,4,3,4,5,5,4,3,5,5
"29","4286","Female","IGCSE (British)",3,3,3,5,5,1,1,1,1,1,1,1,1,1,3,3,3,3,3,4,3,3,3,4,4,4,4,3,3,3,4,3,3,3,4,4,4,3,4,4,4,4,4,4
"30","4285","Female","IGCSE (British)",5,5,5,5,5,3,3,3,3,3,3,3,3,3,4,4,5,4,5,4,4,5,5,4,5,4,4,4,4,4,4,4,4,4,5,5,4,5,4,4,5,5,4,5
"31","4293F","Female","IGCSE (British)",3,5,5,5,5,5,3,1,1,2,3,3,5,5,5,3,3,5,5,5,5,5,4,5,4,5,3,4,5,5,3,5,5,4,5,5,4,5,5,5,5,4,5,5
"32","4243","Female","IGCSE (British)",3,5,3,5,5,3,1,1,3,1,5,1,5,3,3,3,3,5,5,3,4,4,4,2,4,4,3,3,3,4,3,4,4,5,4,4,4,4,4,4,4,3,5,4
"33","4271","Male","IGCSE (British)",5,5,5,5,3,2,2,5,1,1,4,1,3,4,4,4,5,5,5,2,2,5,4,4,4,1,4,5,4,5,5,5,3,3,4,5,5,4,4,5,5,5,5,5
"34","4264","Male","IGCSE (British)",4,5,5,5,5,2,2,2,2,2,3,1,4,4,3,2,4,4,5,4,4,4,4,5,4,4,4,3,5,3,3,4,5,4,4,5,4,5,5,5,4,4,5,5
"35","4268","Female","IGCSE (British)",3,3,5,3,3,1,5,1,1,1,5,3,3,5,3,1,3,5,5,3,3,4,5,3,4,3,3,5,5,5,5,3,4,3,5,5,5,4,4,5,5,4,5,5
"36","4258","Male","IGCSE (British)",5,3,5,5,5,5,5,5,5,5,5,5,5,5,5,3,3,4,5,4,4,5,5,5,4,5,4,5,4,5,5,5,4,4,5,5,4,4,5,5,5,4,5,5
"37","4249","Female","IGCSE (British)",5,5,4,5,5,3,3,4,3,3,5,1,3,3,5,4,4,5,5,5,4,5,4,5,4,5,4,4,5,5,4,4,5,5,5,4,5,5,4,4,4,5,4,4
"38","4240","Male","IGCSE (British)",3,1,1,3,1,5,3,3,3,3,5,1,5,5,3,3,3,1,3,3,4,2,4,4,3,3,3,1,1,3,1,3,2,3,2,2,2,3,4,3,3,3,4,4
"39","4260","Male","IGCSE (British)",5,5,4,4,4,2,2,2,1,1,3,1,4,3,4,3,5,5,5,4,5,5,5,5,5,5,5,4,5,5,5,4,4,4,5,5,5,4,5,5,5,4,5,5
"40","4269","Female","IGCSE (British)",4,4,3,5,4,4,4,3,3,3,5,5,5,5,4,3,4,4,5,4,4,4,5,5,5,4,4,2,3,3,5,4,3,3,4,4,3,3,4,5,4,4,5,5
"41","4248","Female","IGCSE (British)",5,5,4,5,5,4,2,3,1,1,3,2,3,2,5,4,5,5,4,4,4,5,5,5,5,5,4,5,5,5,5,5,5,5,5,5,5,5,5,5,5,5,5,5
"42","4290","Male","American Diploma",3,4,4,5,4,2,1,1,2,2,3,3,3,3,4,5,5,5,5,5,5,5,5,4,4,5,4,4,4,4,3,3,4,4,5,4,4,4,5,5,4,4,4,4
"43","4283","Male","American Diploma",3,2,2,5,3,2,3,1,1,2,3,4,1,1,2,3,4,5,4,4,4,4,4,3,4,4,3,4,4,4,4,4,4,4,4,4,4,4,5,5,4,4,5,5
"44","4288","Male","American Diploma",4,4,5,5,4,2,1,1,2,1,5,3,3,2,4,5,4,5,5,4,5,5,5,4,4,5,4,4,4,4,5,5,5,4,5,4,4,4,5,5,5,4,5,5
"45","4321","Female","IGCSE (British)",3,3,5,5,3,1,1,1,1,1,3,1,3,1,3,3,5,5,3,3,4,4,4,2,4,3,5,5,3,4,4,4,5,3,4,4,5,5,4,5,4,3,3,5
"46","4300","Female","IGCSE (British)",3,5,5,5,4,1,1,3,3,2,1,1,2,2,4,3,5,5,5,4,3,4,3,3,4,4,3,5,2,5,5,4,5,5,4,5,5,4,5,5,5,5,5,5
"47","4304","Male","IGCSE (British)",5,5,4,4,5,4,2,4,3,4,5,5,4,3,5,3,4,3,3,5,4,5,5,5,4,5,5,5,4,4,4,5,4,5,4,5,5,4,5,4,4,5,4,4
"48","4322","Female","IGCSE (British)",4,3,5,4,5,4,2,1,1,2,5,4,4,3,3,4,3,4,3,5,3,3,3,4,5,5,4,4,5,5,5,5,5,5,5,4,5,5,5,5,5,5,5,4
"49","4313","Female","IGCSE (British)",3,2,4,5,2,1,2,2,2,2,3,1,2,3,4,3,3,4,2,3,3,3,3,3,4,3,3,4,4,4,4,3,4,4,4,4,3,4,4,4,3,3,4,4
"50","4315","Male","IGCSE (British)",5,5,5,5,5,3,5,1,1,1,5,1,2,3,5,5,5,5,5,4,5,5,5,4,5,5,5,5,5,1,5,4,5,4,5,5,5,5,4,5,5,5,5,5
"51","4319","Female","IGCSE (British)",4,5,5,4,5,5,3,4,5,4,5,2,5,5,4,3,4,4,4,4,3,4,4,4,5,5,4,3,4,4,4,4,5,5,4,5,5,5,5,4,4,4,5,5
"52","4318","Female","IGCSE (British)",3,NA,NA,NA,NA,NA,NA,NA,NA,NA,NA,NA,NA,NA,NA,NA,NA,NA,NA,3,4,3,3,3,4,4,3,4,5,5,5,3,4,4,4,4,4,3,4,5,4,4,4,5
"53","4301","Female","IGCSE (British)",5,5,3,5,5,5,4,3,2,2,5,1,5,5,5,5,5,5,5,5,4,4,4,4,5,4,4,4,5,5,5,4,4,5,4,5,5,5,5,5,5,5,5,5
"54","4294","Male","IGCSE (British)",3,5,2,4,3,5,5,1,5,5,5,5,5,5,3,2,3,3,5,3,3,3,4,4,4,4,4,4,4,5,5,4,3,3,4,5,4,3,4,5,4,4,5,4
"55","4299","Male","IGCSE (British)",4,3,4,5,4,5,5,3,5,4,5,4,4,4,4,4,5,5,5,5,4,5,5,4,5,5,4,5,4,5,5,4,4,4,4,4,4,5,5,5,5,5,5,5
"56","4309","Male","IGCSE (British)",5,5,5,5,5,1,3,5,1,1,5,1,1,4,5,5,5,5,5,5,5,5,5,3,5,5,5,5,5,5,5,5,5,5,5,5,5,5,5,5,5,5,5,5
"57","4302","Female","IGCSE (British)",4,5,4,5,4,4,4,5,2,2,3,3,5,4,5,4,5,2,2,3,3,4,4,5,5,5,5,3,4,4,5,4,4,5,4,5,4,4,5,5,5,4,5,5
"58","4278","Male","American Diploma",3,3,2,4,2,1,1,2,1,1,2,1,3,1,4,2,4,4,3,2,2,3,3,3,4,4,2,5,4,3,3,3,3,2,4,3,3,3,4,5,3,2,4,4
"59","4291","Male","American Diploma",3,4,4,3,3,4,2,1,1,3,5,1,1,3,4,2,5,5,5,2,4,5,5,4,4,4,4,2,2,3,2,4,4,1,3,3,2,2,5,5,4,3,4,4
"60","4293","Male","American Diploma",4,4,5,5,4,5,5,4,3,5,4,5,4,3,4,4,4,4,5,4,4,4,4,4,3,4,4,3,3,5,4,4,3,4,4,3,5,5,5,5,3,4,4,4
"61","4327","Male","IGCSE (British)",3,5,5,5,5,3,2,3,4,4,5,3,4,3,4,4,5,5,5,5,3,4,4,3,5,4,5,3,3,5,5,5,3,4,5,4,5,5,5,5,5,5,5,5
"62","4343","Female","IGCSE (British)",4,5,4,5,5,1,1,1,1,1,3,2,4,2,5,5,5,5,5,4,5,5,5,5,5,5,4,5,5,5,5,5,5,4,5,5,5,5,5,5,5,5,5,5
"63","4328","Male","IGCSE (British)",3,3,3,5,3,1,1,1,2,1,2,1,1,1,4,4,5,5,5,5,4,5,5,5,5,4,4,4,3,5,4,4,4,5,4,5,5,4,5,5,5,5,5,5
"64","4324","Male","IGCSE (British)",5,5,5,5,5,5,5,3,2,2,2,3,4,5,4,4,5,5,5,5,5,5,5,3,5,5,4,5,5,5,5,5,5,5,5,5,5,5,5,5,5,5,5,5
"65","4348","Female","IGCSE (British)",5,5,5,5,5,5,3,1,3,3,4,3,2,3,4,4,5,5,5,4,4,5,5,4,5,4,4,3,5,4,4,3,3,3,4,5,5,4,4,5,4,5,5,5
"66","4347","Female","IGCSE (British)",4,4,4,5,5,4,4,5,5,4,3,3,3,2,4,4,5,5,5,4,5,5,5,5,4,4,5,5,5,5,5,4,4,5,5,4,5,5,5,5,5,5,5,5
"67","4339","Female","IGCSE (British)",3,5,3,5,4,3,4,2,2,1,3,2,3,3,4,4,5,4,5,4,4,4,4,3,4,4,3,4,3,4,4,4,5,4,5,4,4,4,5,5,4,4,5,5
"68","4353","Male","IGCSE (British)",3,5,3,4,5,5,5,3,4,5,5,3,5,4,3,2,4,3,3,4,4,4,5,5,5,5,4,4,5,5,5,5,4,5,4,5,5,4,5,5,5,5,5,5
"69","4367","Female","IGCSE (British)",5,5,5,5,5,5,3,1,1,1,1,1,1,3,5,5,5,5,5,4,3,4,5,5,4,4,5,3,5,5,5,4,5,5,4,5,3,4,5,5,4,4,5,5
"70","4357","Male","IGCSE (British)",4,5,5,4,5,5,5,3,5,5,5,5,5,5,3,2,5,5,5,4,4,5,5,5,4,4,4,4,3,4,4,4,4,5,3,4,4,5,4,5,4,5,4,4
"71","4373","Female","IGCSE (British)",5,5,5,5,5,4,4,3,3,3,4,3,3,2,3,2,3,4,3,4,4,3,4,3,5,4,3,4,4,4,5,4,5,4,4,5,5,5,5,5,5,5,5,5
"72","4359","Male","IGCSE (British)",4,3,3,5,5,2,2,3,2,2,3,2,3,1,4,3,5,5,4,4,3,5,5,4,4,5,5,4,4,4,4,3,3,3,4,5,4,4,5,5,5,5,5,5
"73","4352","Male","IGCSE (British)",5,4,4,5,5,3,2,2,3,1,5,5,4,4,3,3,5,4,4,5,5,5,5,5,5,5,5,5,5,5,5,5,5,5,5,5,5,5,5,5,5,5,5,5
"74","4362","Male","IGCSE (British)",3,4,4,5,4,2,2,2,1,1,3,2,4,4,4,4,3,3,3,3,4,4,3,4,4,4,3,3,4,5,5,4,3,4,4,5,4,4,5,5,5,4,5,5
"75","4363","Female","IGCSE (British)",5,5,5,5,5,5,5,5,5,5,5,5,5,5,4,4,5,5,5,4,4,5,5,5,5,5,5,4,4,4,4,5,4,4,5,5,5,5,5,5,5,5,5,5
"76","4356","Male","IGCSE (British)",5,4,5,5,5,3,3,3,4,4,5,3,5,5,4,3,4,3,4,4,4,3,4,4,5,4,3,3,4,5,5,4,4,3,3,5,4,4,5,5,5,4,5,5
"77","4364","Female","IGCSE (British)",3,4,3,5,4,2,1,1,1,2,3,2,4,3,5,4,4,4,4,4,4,4,4,4,4,4,4,4,3,4,4,3,4,4,4,4,3,3,4,4,4,3,4,4
"78","4355","Male","IGCSE (British)",4,3,4,5,4,2,2,2,2,2,5,1,4,4,3,3,3,3,2,4,3,4,4,4,4,3,4,3,3,4,3,3,3,3,3,4,4,4,5,4,4,4,4,4
"79","4342","Female","IGCSE (British)",5,5,3,5,5,1,1,1,1,1,4,3,2,2,3,4,3,5,4,5,5,5,2,4,5,5,5,4,4,4,5,4,5,4,5,5,4,4,5,5,4,4,5,5
"80","4391","Male","IGCSE (British)",4,4,3,3,3,1,1,2,2,2,5,3,4,5,4,3,3,3,3,3,3,3,4,3,4,3,4,2,3,3,3,3,4,3,3,4,3,3,4,4,2,3,4,4
"81","4390","Male","IGCSE (British)",4,5,5,3,5,2,2,1,1,1,5,3,1,3,4,5,5,4,5,4,3,4,4,3,4,4,4,4,5,4,4,4,3,5,5,4,4,4,4,4,4,5,5,5
"82","4384","Female","IGCSE (British)",5,5,5,5,5,3,2,2,1,1,3,2,3,1,5,5,5,5,5,5,5,5,5,5,5,5,5,4,5,5,5,5,5,5,4,5,5,5,5,5,5,5,5,5
"83","4380","Female","IGCSE (British)",4,5,4,5,5,4,4,3,3,3,4,1,5,5,5,5,5,5,5,4,5,5,5,4,5,5,4,3,5,5,4,4,4,5,5,5,4,5,5,5,5,5,5,5
"84","4394","Female","IGCSE (British)",5,5,5,5,5,3,4,3,2,2,4,3,5,3,5,5,5,5,5,5,5,5,5,5,5,5,4,4,5,5,5,5,4,4,5,5,5,5,5,5,5,5,5,5
"85","4383","Male","IGCSE (British)",5,5,5,5,5,1,5,1,3,3,1,1,1,3,3,2,5,5,5,5,4,4,4,4,5,4,5,5,4,5,5,5,3,5,5,5,5,5,5,5,5,5,5,5
"86","4382","Female","IGCSE (British)",5,4,3,5,4,5,5,4,2,4,4,5,2,5,2,3,5,5,3,3,3,4,4,4,4,3,3,3,2,4,4,4,3,4,3,4,4,4,3,4,4,4,4,4
"87","4379","Female","IGCSE (British)",4,3,4,5,4,2,2,3,3,3,3,3,3,4,4,5,5,5,5,4,4,4,5,4,4,4,3,5,4,4,4,4,4,4,4,5,5,5,4,4,4,5,4,5
"88","4376","Male","IGCSE (British)",5,5,5,5,5,3,3,3,3,3,5,3,5,5,5,5,5,5,5,4,5,5,5,4,5,4,4,5,4,5,4,5,5,4,5,5,4,5,5,5,5,5,5,5
"89","4404","Female","IGCSE (British)",4,3,2,5,5,4,2,2,2,4,5,3,5,2,3,4,5,5,5,4,5,5,5,5,5,5,5,2,4,3,2,2,2,2,4,4,4,3,5,5,4,4,5,5
"90","4410","Female","IGCSE (British)",4,3,4,5,5,2,2,2,2,3,3,2,4,2,4,4,3,4,4,4,4,5,4,4,4,4,4,4,4,4,5,5,4,4,5,5,5,4,5,5,4,4,5,5
"91","4411","Female","IGCSE (British)",3,3,3,5,4,1,1,1,1,1,1,1,3,1,3,1,3,3,3,4,4,4,4,3,4,4,3,3,4,4,4,4,5,3,4,5,3,4,4,5,4,4,4,5
"92","4406","Male","IGCSE (British)",4,5,5,4,5,4,5,4,4,3,4,2,NA,4,4,4,3,5,5,4,4,5,5,4,4,4,4,3,4,5,4,3,4,4,4,4,4,3,5,5,3,4,5,5
"93","4400","Female","IGCSE (British)",4,4,4,5,3,3,1,1,1,1,2,5,4,4,3,3,4,4,5,3,4,4,4,4,4,4,3,3,4,4,4,4,4,3,5,4,4,4,4,5,4,4,4,5
"94","4396","Female","IGCSE (British)",4,5,5,5,5,2,2,1,1,1,2,3,3,2,4,4,5,4,5,5,4,4,5,4,5,5,4,5,5,5,5,4,5,5,5,5,5,5,5,5,5,4,5,5
"95","4407","Male","IGCSE (British)",5,5,4,5,5,2,2,1,2,1,3,3,5,5,5,4,4,5,5,5,4,4,4,4,4,4,5,4,5,5,4,4,5,3,4,5,4,4,4,4,4,4,4,5
"96","4413","Female","IGCSE (British)",2,3,4,4,5,1,1,1,1,2,3,1,5,2,4,4,5,4,4,4,4,4,4,4,4,3,4,2,2,3,2,3,2,3,4,4,3,4,5,5,3,4,5,5
"97","4397","Female","IGCSE (British)",5,5,5,5,4,2,1,1,1,1,2,2,5,2,4,3,5,5,4,4,3,4,4,4,4,4,4,4,4,4,4,4,3,4,3,5,5,4,5,5,5,4,5,5
"98","4429","Female","IGCSE (British)",4,5,4,5,5,3,3,2,1,2,3,2,1,1,4,4,5,4,4,4,4,4,4,4,4,4,4,4,4,4,4,4,4,4,4,4,4,4,4,4,4,4,4,4
"99","4428","Male","IGCSE (British)",3,4,4,5,4,4,4,4,4,4,5,4,5,4,4,3,3,3,3,5,4,4,4,4,5,5,4,4,4,4,4,4,4,4,3,4,4,4,5,5,5,4,5,5
"100","4433","Male","IGCSE (British)",5,5,5,5,5,1,1,1,1,1,5,3,4,1,4,5,5,4,5,5,5,5,5,4,5,4,4,4,4,5,5,4,5,3,4,5,5,5,5,5,5,5,5,5
"101","4423","Male","IGCSE (British)",5,5,5,5,5,3,2,1,2,2,5,2,3,2,3,3,5,5,5,4,4,5,4,4,5,3,4,4,5,5,5,5,5,5,5,5,5,5,5,5,5,5,5,5
"102","4436","Female","IGCSE (British)",4,5,3,5,5,2,1,1,1,1,3,3,2,3,4,4,4,5,5,5,5,5,5,5,5,4,4,4,5,5,5,4,4,5,5,4,5,5,5,5,5,5,5,5
"103","4430","Female","IGCSE (British)",4,5,5,5,5,1,1,3,1,1,4,2,4,1,5,5,5,5,5,5,5,5,5,3,4,5,3,3,4,4,4,3,4,5,5,5,2,3,5,5,5,3,5,5
"104","4431","Female","IGCSE (British)",4,3,3,2,4,1,1,1,1,1,1,1,1,1,2,1,4,5,3,3,3,3,4,3,4,4,3,3,5,5,5,5,3,4,4,5,4,4,4,4,4,4,3,4
"105","4437","Female","IGCSE (British)",5,3,3,5,5,2,2,1,2,2,3,3,2,1,3,3,3,5,5,5,5,5,4,5,5,4,4,4,5,5,5,4,5,4,5,4,5,5,5,5,5,5,5,5
"106","4426","Female","IGCSE (British)",5,5,4,5,5,2,1,1,1,1,2,1,2,1,4,4,4,5,4,4,4,4,5,4,5,4,3,4,4,4,5,4,4,4,4,4,4,4,5,5,4,4,5,5
"107","4440","Male","IGCSE (British)",2,3,4,2,5,1,1,1,1,1,3,2,4,1,5,2,5,3,3,4,5,3,4,3,5,2,2,1,5,2,2,3,3,1,5,3,3,1,4,4,4,3,4,4
"108","4432","Female","IGCSE (British)",4,5,3,4,3,2,1,3,1,2,3,2,3,3,3,2,4,3,2,3,4,3,4,3,4,3,3,1,3,3,4,4,3,2,4,4,3,4,4,3,4,4,4,3
"109","4449","Female","American Diploma",5,3,5,5,5,2,2,2,4,4,2,2,4,5,5,5,5,5,5,4,5,5,5,4,4,4,4,5,5,5,4,5,4,4,5,3,3,4,4,4,4,3,4,5
"110","4435","Female","IB",3,2,5,4,3,2,1,3,2,1,3,2,3,1,4,3,2,3,3,3,3,2,3,4,4,4,2,4,3,5,4,4,4,4,5,4,4,4,3,3,4,3,5,3
"111","4448","Female","IB",4,5,5,5,3,2,1,2,3,3,3,1,3,1,4,3,5,5,5,5,3,5,4,4,5,5,4,4,5,5,5,4,5,3,5,5,5,4,5,4,5,5,4,4
"112","4455","Female","American Diploma",2,2,3,4,5,1,1,1,1,1,1,1,1,4,4,2,4,5,4,4,4,4,4,4,4,4,3,1,4,3,2,4,3,4,1,1,2,2,4,4,1,3,4,4
"113","4451","Female","American Diploma",5,5,5,5,5,2,1,3,1,1,3,2,3,5,5,5,5,5,5,4,4,5,4,4,5,4,4,5,5,5,5,5,5,5,5,5,5,5,5,5,5,5,5,5
"114","4447","Female","American Diploma",5,5,5,5,5,3,2,2,2,2,5,3,5,5,3,3,5,5,5,5,5,5,4,4,5,5,4,4,5,4,5,4,4,5,5,5,4,5,5,5,5,5,5,5
"115","4459","Female","American Diploma",4,4,3,5,5,1,1,1,1,1,2,4,3,3,5,5,5,5,5,5,5,5,5,5,5,5,5,4,3,4,4,3,4,4,3,4,4,4,4,5,4,4,5,5
"116","4457","Female","American Diploma",3,4,5,4,5,4,4,3,2,2,4,4,3,4,4,3,5,4,4,3,4,4,4,4,5,5,4,3,4,4,4,3,4,4,5,4,3,4,4,4,4,5,4,4
"117","4456","Female","American Diploma",4,4,4,5,4,2,3,2,2,2,3,2,3,3,4,4,4,5,3,4,4,4,4,4,4,4,5,5,5,4,4,3,4,3,4,5,5,4,4,5,4,4,5,5
"118","4454","Female","IB",5,1,3,3,3,1,3,3,1,1,4,1,1,3,3,5,3,5,3,4,5,4,5,3,3,4,4,2,3,3,3,3,2,2,4,4,5,5,5,4,3,5,4,5
"119","4458","Female","IB",4,5,3,5,3,4,3,2,2,2,5,1,5,4,5,4,5,5,5,5,4,5,5,5,5,5,5,4,4,4,5,4,4,5,5,5,5,4,5,5,5,5,5,5
"120","4460","Female","American Diploma",5,4,5,5,5,2,2,1,2,1,3,2,2,2,3,3,4,5,4,4,4,5,5,4,4,4,4,4,5,5,5,4,4,4,5,5,5,5,5,5,5,5,5,5
"121","4450","Female","American Diploma",3,4,3,5,5,3,3,3,2,2,3,4,4,4,4,4,4,4,4,4,4,4,4,3,4,4,3,4,3,3,3,3,3,3,3,5,3,4,5,5,4,3,4,5
"122","4453","Female","American Diploma",2,3,4,4,2,1,1,1,3,3,1,1,1,1,3,4,4,4,4,4,4,4,5,4,4,4,4,4,4,4,5,4,4,3,4,5,4,4,4,4,4,4,4,5
"123","4452","Female","IB",5,5,5,4,5,1,5,1,1,1,1,1,3,1,5,5,5,5,5,1,4,1,1,3,5,4,1,5,4,1,5,4,1,2,5,5,5,1,5,1,5,1,1,1
"124","4408","Female","IGCSE (British)",3,4,3,5,3,2,2,1,1,1,1,1,2,2,3,4,5,4,4,4,3,4,3,4,4,4,4,3,2,3,3,4,4,3,3,4,4,4,4,4,4,4,4,4
"125","4490","Male","IGCSE (British)",4,3,5,4,3,4,1,3,1,1,5,2,4,5,5,5,5,5,5,4,2,4,4,4,3,4,4,3,2,3,5,3,3,4,5,4,3,4,5,3,4,5,4,4
"126","4465","Male","IGCSE (British)",4,5,3,5,4,3,3,2,1,3,5,4,5,5,4,3,5,5,4,4,3,4,4,4,4,3,4,3,2,4,4,3,5,3,3,5,3,4,5,5,4,3,5,5
"127","4467","Male","IGCSE (British)",5,5,5,5,5,5,5,5,5,5,5,5,5,5,5,5,5,5,5,3,4,4,4,4,4,4,4,5,4,5,4,4,4,4,4,4,4,4,4,5,4,4,5,4
"128","4507","Male","IGCSE (British)",5,5,5,5,5,2,2,2,2,3,4,3,5,3,5,5,5,5,5,5,5,5,5,5,5,5,5,5,5,5,5,5,5,5,5,5,5,5,5,5,5,5,5,5
"129","4518","Female","IGCSE (British)",2,2,2,4,3,1,1,1,1,1,2,2,1,2,4,3,5,4,4,3,3,4,4,5,3,4,4,2,2,3,3,3,3,5,3,3,4,3,4,4,4,3,3,4
"130","4503","Female","IGCSE (British)",5,3,5,3,5,3,1,3,3,1,3,1,3,5,5,5,5,3,3,4,5,4,5,5,4,5,5,4,3,4,5,4,4,4,3,5,4,4,4,4,4,4,4,5
"131","4479","Female","IGCSE (British)",5,5,5,5,5,5,5,3,5,5,5,3,5,5,3,3,5,5,5,5,5,5,4,5,5,4,4,5,3,5,5,5,5,4,5,5,5,5,5,5,4,4,4,4
"132","4524","Female","IGCSE (British)",3,5,5,5,3,1,1,1,1,1,3,2,1,1,5,3,5,5,3,4,4,4,4,3,5,4,3,4,5,5,4,3,4,5,3,4,4,5,4,5,4,3,5,4
"133","4485","Male","IGCSE (British)",5,5,4,5,3,5,5,5,4,5,5,4,5,5,3,5,5,4,5,3,3,4,4,5,4,3,5,5,2,5,5,4,4,4,3,5,4,3,5,5,5,4,5,5
"134","4476","Female","IGCSE (British)",4,5,5,5,5,3,1,2,2,5,5,2,5,1,4,5,5,5,5,5,5,5,5,4,5,5,4,4,5,5,4,4,4,4,4,5,5,5,5,5,5,5,5,5
"135","4482","Female","IGCSE (British)",5,5,5,5,5,5,5,5,5,5,5,5,5,5,5,5,5,5,5,5,4,5,5,4,5,5,5,3,4,5,5,3,5,3,5,5,5,5,5,5,4,5,5,5
"136","4498","Female","IGCSE (British)",5,4,4,5,5,2,2,2,2,1,5,5,3,3,4,5,5,5,5,4,4,4,5,3,4,4,4,4,2,4,4,3,4,4,5,4,4,4,5,5,5,5,5,5
"137","4500","Female","IGCSE (British)",3,4,4,5,5,2,3,2,2,2,5,1,5,1,4,3,2,4,4,4,5,4,4,4,4,5,4,4,4,4,4,4,4,5,5,5,4,4,5,5,5,4,5,5
"138","4513","Female","IGCSE (British)",5,5,5,5,5,1,1,2,2,2,3,2,3,3,4,4,4,5,4,4,4,5,4,3,5,3,3,4,4,4,5,4,5,4,5,5,5,5,5,5,5,5,5,5
"139","4492","Female","IGCSE (British)",5,5,5,5,5,3,1,3,2,1,5,1,5,5,5,5,5,5,5,4,5,5,4,5,4,5,4,4,5,4,5,5,5,4,4,5,5,4,5,4,5,4,4,4
"140","4461","Male","IGCSE (British)",5,1,1,3,5,5,5,4,4,4,4,4,4,4,5,5,5,5,5,5,4,3,4,4,4,3,4,2,3,4,5,3,3,4,4,5,5,4,4,4,5,5,5,4
"141","4494","Female","IGCSE (British)",5,4,5,4,5,5,5,5,5,4,5,3,5,2,4,5,5,5,5,4,4,5,4,5,5,4,5,3,3,4,4,4,4,5,4,5,4,4,5,5,5,5,4,4
"142","4514","Female","IGCSE (British)",5,5,5,5,5,5,5,5,4,5,5,5,5,4,4,5,5,4,5,4,4,4,4,5,5,4,5,3,3,4,4,4,4,4,5,5,5,4,5,5,4,4,4,4
"143","4517","Female","IGCSE (British)",4,4,3,5,3,3,3,2,3,3,5,4,5,4,3,3,4,4,4,4,3,4,4,4,4,4,4,5,5,5,5,4,4,5,5,5,5,4,5,5,5,4,5,5
"144","4515","Female","IGCSE (British)",5,5,5,5,5,1,1,1,1,1,4,3,4,2,3,4,4,4,4,4,4,3,3,3,4,4,3,5,4,5,5,4,4,3,5,5,4,4,5,5,5,4,5,5
"145","4488","Male","IGCSE (British)",5,5,3,5,5,5,3,3,5,5,5,3,5,5,5,5,5,5,5,4,4,5,5,5,5,4,5,3,4,5,4,3,5,5,4,5,4,5,4,5,5,4,5,5
"146","4478","Female","IGCSE (British)",5,5,4,5,5,1,1,1,5,4,5,3,5,5,5,4,5,5,5,4,5,5,4,4,5,4,3,4,5,5,5,4,5,3,4,5,5,5,5,4,2,5,5,5
"147","4502","Female","IGCSE (British)",3,4,3,5,5,3,3,3,3,1,5,3,5,4,3,3,3,5,3,4,5,4,4,5,4,3,5,5,3,4,4,4,5,3,4,4,4,4,4,4,5,3,4,4
"148","4509","Male","IGCSE (British)",5,5,4,5,5,1,1,3,1,1,1,3,2,5,4,4,5,4,5,3,4,4,4,4,4,4,3,5,4,4,4,4,5,5,5,5,4,5,5,5,4,4,4,4
"149","4501","Female","IGCSE (British)",3,4,4,5,5,2,2,1,1,1,3,3,4,1,2,2,4,3,3,3,3,4,3,4,4,3,3,5,3,4,5,3,3,3,4,5,3,3,5,4,4,4,5,5
"150","4499","Female","IGCSE (British)",5,5,4,5,4,3,2,2,2,2,3,3,3,2,3,3,4,5,4,3,3,4,3,4,4,4,3,5,3,1,4,2,4,4,3,4,4,4,4,4,1,2,4,5
"151","4505","Male","IB",5,5,5,5,5,5,5,3,5,5,5,1,5,5,5,5,5,5,5,4,4,5,5,4,4,4,4,4,3,5,5,4,4,4,5,5,5,5,5,5,5,5,5,5
"152","4495","Female","IGCSE (British)",3,5,5,5,5,5,5,3,5,5,5,5,5,3,5,3,5,5,5,5,5,4,5,5,5,4,4,4,5,5,4,4,5,4,5,5,4,5,5,5,5,5,5,5
"153","4344","Female","American Diploma",3,5,5,5,4,2,1,1,1,1,4,1,1,5,5,5,5,5,5,5,5,5,5,5,5,4,5,2,5,4,4,3,2,5,5,5,4,4,5,5,3,4,5,5
"154","4279","Male","IGCSE (British)",5,5,5,5,5,4,4,2,2,2,5,4,4,4,4,4,5,5,5,4,4,4,4,3,5,4,4,4,4,4,4,2,3,4,4,5,4,4,4,4,4,4,4,4
"155","4341","Male","National",3,5,3,5,5,1,1,1,3,1,5,5,5,5,3,5,5,5,5,5,5,5,5,5,5,5,4,3,3,5,5,5,5,3,5,4,4,4,5,5,5,4,5,4
"156","4279","Female","IGCSE (British)",4,5,5,5,5,4,3,4,5,4,5,4,5,5,5,5,5,5,5,4,4,4,4,3,5,4,4,4,4,4,4,2,3,4,4,5,4,4,4,4,4,4,4,4
"157","4281","Female","IGCSE (British)",5,5,4,5,5,3,2,5,5,2,5,5,5,5,3,3,4,3,4,4,3,4,4,4,4,4,4,3,4,4,4,5,3,4,4,4,4,4,4,4,4,4,4,4
"158","4245","Female","IGCSE (British)",4,5,5,5,5,3,4,1,1,1,5,3,5,4,4,5,5,5,5,4,4,4,4,5,5,5,4,3,5,5,4,3,4,4,3,5,4,4,5,5,4,4,4,5
"159","4335","Female","IGCSE (British)",4,3,5,3,4,4,3,3,3,3,5,4,5,4,4,4,3,3,3,4,4,4,4,5,4,4,4,3,5,4,3,3,4,5,4,4,3,3,4,5,4,3,4,5
"160","4326","Male","IGCSE (British)",5,5,3,5,5,1,1,1,1,1,5,1,3,1,4,4,5,5,4,3,3,4,4,4,4,4,4,2,3,3,5,4,4,2,4,5,5,4,5,5,5,5,5,5
"161","4334","Male","IGCSE (British)",1,2,3,1,1,3,2,2,3,2,2,4,3,3,3,2,4,5,5,5,4,4,5,4,5,5,5,4,4,4,4,4,3,4,4,4,4,4,4,5,4,4,5,4
"162","4360","Male","American Diploma",1,3,3,5,3,1,1,1,3,3,5,5,5,3,1,3,5,5,5,2,4,4,4,4,4,4,3,1,3,4,3,1,3,2,2,4,2,3,4,4,4,2,4,4
"163","4350","Male","IB",3,5,4,3,4,3,2,3,2,2,5,3,5,3,3,3,2,4,4,4,4,5,5,5,4,4,5,3,3,3,4,3,4,3,3,4,4,5,4,4,4,4,4,4
"164","4562","Female","IGCSE (British)",4,4,4,4,4,4,3,1,3,4,4,4,4,4,4,4,4,4,4,4,3,4,5,4,4,4,4,5,3,4,4,5,4,4,4,4,3,4,5,4,4,4,4,4
"165","4564","Male","IGCSE (British)",4,5,5,4,4,4,4,4,2,2,3,1,2,1,4,5,5,5,5,4,4,4,5,4,4,4,4,4,5,4,4,4,4,5,4,5,5,5,5,5,5,5,5,5
"166","4537","Male","IGCSE (British)",3,3,5,5,5,5,5,3,1,1,3,1,1,3,3,5,5,3,3,4,4,4,4,5,4,3,4,4,4,4,5,4,4,5,4,4,4,4,5,4,4,4,4,4
"167","4558","Male","IGCSE (British)",5,3,4,5,5,4,5,3,1,1,3,1,2,3,3,5,5,5,4,3,5,4,4,4,5,4,4,4,4,5,3,4,4,3,3,4,4,4,4,4,4,4,4,4
"168","4550","Female","IGCSE (British)",5,5,4,5,5,3,3,2,1,2,4,4,5,4,4,3,5,5,5,3,4,4,4,3,4,3,4,3,4,3,4,4,4,5,4,5,4,4,4,5,4,4,5,5
"169","4536","Male","IGCSE (British)",3,4,3,5,4,1,1,1,1,1,1,1,1,1,3,3,4,4,4,4,3,3,4,4,4,4,4,4,3,4,3,3,3,3,3,3,3,3,4,5,4,4,4,4
"170","4571","Female","IGCSE (British)",3,3,5,5,5,5,5,3,5,5,5,5,3,5,3,3,5,5,5,3,2,4,2,2,4,4,2,2,2,3,4,3,3,3,3,3,2,3,4,4,4,2,4,4
"171","4571","Female","IGCSE (British)",1,2,2,4,4,2,1,1,2,2,3,2,3,3,2,3,3,2,3,3,2,4,2,2,4,4,2,2,2,3,4,3,3,3,3,3,2,3,4,4,4,2,4,4
"172","4566","Male","IGCSE (British)",4,4,5,5,5,2,1,2,2,1,2,2,3,1,3,3,4,5,5,4,4,4,4,3,4,4,3,3,4,4,3,4,4,3,4,4,4,4,4,5,4,5,5,5
"173","4546","Male","IGCSE (British)",3,4,5,5,4,1,3,1,1,1,4,1,4,2,4,4,4,4,5,5,4,3,4,4,4,3,4,4,5,5,4,4,4,5,4,4,4,5,5,4,4,5,5,4
"174","4535","Female","IGCSE (British)",5,5,5,5,5,3,2,3,2,3,3,2,3,1,5,3,3,5,3,4,4,4,3,4,5,4,4,5,4,4,4,3,4,4,5,5,4,5,5,4,5,5,5,5
"175","4540","Male","IGCSE (British)",3,5,5,5,3,1,1,1,1,1,1,1,1,1,5,5,5,5,5,5,5,5,5,5,5,4,5,2,2,1,1,1,2,3,3,5,4,5,5,5,4,4,5,5
"176","4549","Female","IGCSE (British)",4,5,4,3,4,3,2,2,4,3,3,4,3,2,3,3,5,4,5,4,4,4,4,4,4,4,4,3,3,4,3,3,4,3,4,4,4,3,4,4,4,4,4,4
"177","4568","Male","IGCSE (British)",4,4,5,5,4,1,1,1,1,1,3,1,2,3,4,4,4,5,5,5,5,5,5,3,5,5,4,5,4,4,5,4,4,4,4,4,4,5,5,5,4,4,5,5
"178","4543","Male","IGCSE (British)",5,5,5,5,5,5,4,4,4,5,5,1,5,3,5,5,5,5,5,5,5,5,5,5,5,5,5,5,4,5,5,5,5,5,5,5,5,5,5,5,5,5,5,5
"179","4574","Male","IGCSE (British)",5,4,4,5,4,3,3,3,4,3,2,2,5,3,4,4,4,4,4,4,4,4,4,3,4,4,3,3,3,4,5,3,4,4,4,4,4,5,4,4,4,4,4,4
"180","4527","Male","IGCSE (British)",3,3,3,4,5,1,1,1,1,1,1,1,2,1,1,2,2,3,4,4,4,4,3,3,4,4,2,1,2,3,3,2,4,3,4,3,3,3,4,4,3,3,4,4
"181","4559","Male","IGCSE (British)",4,3,5,5,4,1,1,1,1,1,3,1,4,1,5,4,5,5,5,5,5,5,5,4,5,5,4,5,4,4,4,4,4,4,5,4,4,5,5,5,4,4,5,5
"182","4531","Male","IGCSE (British)",4,4,5,5,5,2,2,2,2,2,3,3,5,3,5,5,5,5,5,5,4,5,4,5,5,5,5,3,5,4,5,4,5,3,4,5,5,5,5,5,5,5,5,5
"183","4545","Male","IGCSE (British)",4,5,5,5,5,4,3,2,2,2,3,3,3,1,5,5,5,5,5,4,4,5,4,4,5,4,4,4,5,5,5,5,4,4,4,5,4,5,4,5,5,5,5,4
"184","4533","Male","IGCSE (British)",5,5,5,4,5,2,1,1,1,1,1,1,1,1,4,4,5,4,4,4,4,5,5,4,5,5,4,5,5,5,5,4,4,5,5,5,5,5,5,5,5,5,5,5
"185","4381","Male","American Diploma",3,5,5,5,5,3,1,1,1,3,5,5,5,5,3,4,5,4,5,3,2,4,3,2,4,4,2,3,3,4,3,2,3,4,3,2,2,5,5,4,3,4,4,4
"186","4374","Male","National",4,3,2,5,5,3,2,1,1,1,5,4,5,5,2,2,3,4,2,3,4,4,3,4,4,3,4,4,4,5,4,4,5,2,4,3,4,4,4,5,4,4,4,4
"187","4314","Male","Other?",3,5,5,5,5,3,5,2,1,2,3,1,3,1,5,5,3,5,3,3,3,3,4,4,5,4,4,3,3,4,4,2,3,4,2,5,4,4,4,5,4,5,5,5
"188","4305","Female","National",3,2,4,3,2,3,3,2,4,3,5,4,4,3,2,2,3,3,3,3,3,4,4,4,4,2,3,2,4,3,3,2,4,4,4,4,4,3,4,3,4,2,4,3
"189","4281","Male","National",4,4,3,5,3,3,3,4,5,5,5,4,4,4,3,3,4,4,4,4,3,4,4,4,4,4,4,3,4,4,4,5,3,4,4,4,4,4,4,4,4,4,4,4
"190","4316","Female","American Diploma",5,4,3,5,2,1,1,2,1,3,1,1,3,3,3,1,3,3,4,3,3,4,4,3,4,3,3,4,3,4,5,3,3,3,4,4,3,2,3,3,4,4,3,4
"191","4372","Male","National",4,5,4,5,4,3,3,2,3,4,3,3,4,4,4,4,5,5,5,4,4,4,4,4,4,3,4,4,4,4,4,4,5,3,4,4,4,4,4,4,4,4,4,3
"192","4310","Female","National",3,2,1,2,2,4,1,1,2,2,5,2,4,3,3,2,4,4,5,4,4,4,5,5,5,3,5,4,4,5,5,3,4,5,5,5,5,4,5,5,5,3,5,5
"193","4353","Female","National",4,5,5,5,5,4,3,3,3,4,5,4,5,4,5,5,5,5,5,4,4,4,5,5,5,5,4,4,5,5,5,5,4,5,4,5,5,4,5,5,5,5,5,5
"194","4371","Male","National",5,5,5,5,5,1,1,1,1,1,1,1,3,1,5,4,5,5,5,5,5,5,5,5,5,4,4,5,5,5,5,5,4,5,4,5,5,5,4,4,4,5,4,4
"195","4668","Male","IGCSE (British)",5,3,5,5,5,2,2,2,1,1,3,1,4,3,4,3,5,5,5,3,4,5,4,5,3,4,5,4,4,4,4,4,5,4,4,4,4,3,4,4,5,3,5,4
"196","4295","Male","IGCSE (British)",3,5,5,5,5,3,1,1,1,2,4,1,1,3,5,5,5,5,5,2,2,2,3,3,3,4,2,1,3,4,2,5,4,3,2,4,2,3,4,4,4,3,4,4
"197","4602","Female","IGCSE (British)",5,5,5,5,5,4,4,1,1,1,3,1,1,1,4,4,4,4,4,4,4,4,5,4,5,5,4,4,5,4,5,4,4,5,4,5,5,5,5,5,5,5,5,5
"198","4626","Male","IGCSE (British)",4,5,5,5,5,3,2,2,2,2,4,3,3,1,5,4,4,5,4,4,4,4,5,5,5,5,5,3,3,4,4,4,5,4,4,5,4,4,5,5,5,4,5,5
"199","4589","Female","IGCSE (British)",4,4,4,5,4,3,3,4,3,3,5,5,4,3,3,3,4,4,5,4,4,4,5,4,5,4,4,3,4,4,3,4,4,4,4,5,5,5,5,5,5,5,5,5
"200","4586","Female","IGCSE (British)",5,5,5,4,5,3,2,1,2,2,3,1,1,1,4,4,5,5,5,4,4,4,4,5,4,4,4,3,5,4,5,4,3,5,5,5,4,5,5,5,5,5,5,5
"201","4627","Female","IGCSE (British)",5,5,5,5,5,2,1,2,1,1,3,1,2,1,3,2,5,5,5,4,4,4,4,4,4,4,3,4,4,4,4,4,5,3,5,5,5,5,5,5,5,5,5,5
"202","4608","Female","IGCSE (British)",4,5,5,5,4,1,1,1,1,1,3,1,4,1,5,5,5,5,5,4,4,5,4,4,5,4,4,3,3,4,3,4,4,5,4,4,3,4,5,5,4,4,5,5
"203","4599","Male","IGCSE (British)",4,5,4,5,5,4,4,3,3,2,4,4,5,2,3,3,4,5,5,3,3,5,4,4,4,5,4,4,4,5,4,3,4,4,4,5,4,3,4,5,4,4,5,4
"204","4610","Female","IB",5,5,5,5,5,1,5,1,3,1,3,1,1,1,3,2,5,5,5,4,3,4,3,4,4,4,3,3,4,4,5,4,3,4,5,5,4,2,5,4,4,4,4,4
"205","4609","Male","IGCSE (British)",3,4,4,5,3,5,5,5,5,5,5,5,5,5,4,4,5,4,5,4,4,5,5,5,5,5,4,5,4,5,5,3,2,4,5,5,5,5,5,5,5,4,5,5
"206","4607","Female","IGCSE (British)",4,5,5,5,5,4,4,3,3,4,3,1,4,1,4,4,5,5,5,4,5,4,5,4,4,5,5,4,5,5,5,5,4,4,4,5,4,5,5,5,5,4,5,5
"207","4578","Female","IGCSE (British)",5,5,5,5,5,5,3,3,1,1,3,1,3,2,3,2,4,5,5,5,4,4,4,5,5,4,5,3,4,4,4,3,3,3,5,5,5,4,5,5,5,5,5,5
"208","4617","Female","IGCSE (British)",3,4,5,4,4,2,3,2,2,1,2,2,4,2,2,2,3,3,3,3,4,3,4,4,4,4,4,4,3,4,4,4,4,4,3,4,3,3,5,4,4,3,5,5
"209","4585","Male","IGCSE (British)",5,5,5,5,5,3,2,2,1,1,3,2,2,1,5,4,5,5,5,5,5,5,5,5,5,4,5,5,5,5,5,5,4,4,5,5,5,5,5,5,5,5,5,5
"210","4616","Male","IGCSE (British)",4,4,4,4,5,1,1,1,1,1,4,1,5,1,3,4,3,4,5,4,5,4,5,5,4,5,3,4,3,4,4,4,4,4,4,4,3,3,4,4,3,4,4,4
"211","4619","Male","IGCSE (British)",5,5,4,5,5,1,2,2,1,1,3,1,4,1,4,5,5,5,5,5,4,4,4,5,4,4,4,3,4,3,5,5,4,1,5,5,5,4,5,5,5,5,5,5
"212","4592","Male","Other?",4,5,5,5,5,5,5,2,3,2,5,5,5,5,5,4,5,5,5,3,3,5,4,5,5,4,4,5,5,5,5,4,5,5,5,5,5,5,4,5,5,5,5,5
"213","4598","Female","IGCSE (British)",3,4,4,5,5,3,2,3,2,2,5,3,5,4,4,4,5,5,5,4,5,5,5,4,4,4,4,2,4,3,2,2,3,3,4,4,3,2,5,4,5,4,5,5
"214","4419","Male","IGCSE (British)",5,5,5,5,5,1,1,1,1,1,5,1,5,5,5,3,5,5,5,5,5,4,5,5,5,5,5,3,4,5,4,3,5,4,5,5,5,5,5,5,5,5,5,5
"215","4686","Male","IGCSE (British)",5,5,5,5,5,1,1,1,1,1,1,1,1,1,5,5,5,5,5,5,5,4,5,5,5,4,5,4,4,5,5,4,5,5,5,5,5,5,5,5,5,5,5,5
"216","4656","Female","IGCSE (British)",5,4,4,5,5,3,3,2,1,1,2,1,2,1,3,2,4,3,5,3,3,3,3,4,4,3,3,3,3,3,4,4,5,2,3,5,3,5,5,5,5,5,4,5
"217","4668","Male","IGCSE (British)",4,3,4,5,4,5,3,2,2,3,5,5,5,1,3,3,4,4,5,3,4,5,4,5,3,4,5,4,4,4,4,4,5,4,4,4,4,3,4,4,5,3,5,4
"218","4297","Male","Other?",3,3,4,5,5,3,3,2,2,2,5,3,5,5,4,3,3,4,4,4,5,3,4,3,5,3,3,3,4,4,5,4,4,4,4,4,3,4,5,4,4,4,5,5
"219","4712","Female","American Diploma",5,5,5,5,5,3,3,1,1,1,1,1,1,1,3,3,5,3,5,4,4,5,5,4,5,5,4,5,5,5,5,5,4,5,5,5,5,5,5,5,5,5,5,5
"220","4702","Female","American Diploma",3,2,3,4,4,4,3,3,4,3,4,3,4,4,2,1,3,3,3,3,2,4,4,4,4,4,4,2,3,4,3,3,3,2,3,3,2,2,4,3,2,2,3,3
"221","4693","Female","American Diploma",5,3,3,5,5,2,1,2,2,1,3,1,2,3,5,4,4,4,5,5,5,5,5,5,4,4,5,4,4,4,4,4,3,3,4,5,3,4,4,5,4,3,5,5
"222","4704","Female","American Diploma",3,4,4,4,5,5,5,4,4,5,5,4,5,5,5,4,5,3,5,5,5,5,5,5,5,4,4,5,5,4,5,5,5,5,4,5,5,5,5,5,5,5,5,5
"223","4771","Female","American Diploma",5,5,5,5,5,1,3,1,1,1,1,1,3,5,3,5,5,5,5,4,4,4,3,3,4,4,3,4,4,4,4,4,4,5,4,4,4,4,4,4,4,4,4,4
"224","4697","Female","American Diploma",2,2,3,4,5,3,3,1,1,1,4,2,4,1,3,2,5,2,5,4,4,4,4,4,3,4,3,5,1,4,3,2,3,4,4,4,4,4,5,5,4,4,5,5
"225","4717","Female","American Diploma",5,5,5,5,5,1,1,1,1,1,1,1,1,1,4,4,5,5,5,4,4,5,5,4,4,4,4,3,4,5,5,4,4,4,4,5,5,4,5,5,5,5,5,5
"226","4723","Female","American Diploma",5,5,5,5,5,3,3,3,2,2,3,2,3,2,4,4,5,5,5,4,5,5,5,5,5,5,5,4,4,5,5,4,4,4,4,5,5,5,5,5,5,5,5,5
"227","4716","Female","American Diploma",5,5,5,5,5,5,5,3,3,3,5,5,3,3,3,3,5,5,5,4,5,4,5,4,4,4,4,4,4,4,4,3,5,5,5,5,5,5,5,5,4,4,5,5
"228","4730","Female","American Diploma",4,5,5,5,5,3,4,4,1,1,3,3,4,4,5,5,5,5,5,5,5,4,4,4,4,4,5,3,5,3,4,3,4,3,4,5,5,5,5,4,4,5,5,5
"229","4725","Female","American Diploma",5,5,4,5,5,1,1,1,1,1,3,1,4,1,5,4,5,5,5,5,5,5,5,5,5,5,4,5,4,5,5,5,5,4,5,5,5,5,5,5,5,5,5,5
"230","4720","Female","American Diploma",5,5,5,5,5,2,1,3,1,1,4,3,5,3,5,3,5,5,5,5,5,5,5,5,5,5,5,4,4,5,5,5,3,2,5,5,5,5,5,5,5,5,5,5
"231","4606","Female","American Diploma",4,3,5,5,5,4,4,4,4,4,5,5,5,5,4,5,5,5,5,4,4,5,5,5,5,4,4,4,4,5,5,3,5,5,5,5,5,5,5,5,4,4,5,5
"232","4727","Female","IB",5,5,4,5,5,4,4,4,4,5,5,4,4,4,5,4,4,4,4,5,4,5,5,5,5,5,4,5,5,5,5,4,4,5,5,5,5,5,5,5,5,5,5,5
"233","4722","Female","IB",5,5,5,1,5,4,5,5,5,5,5,4,5,3,5,5,5,5,5,5,4,5,5,5,5,5,5,5,5,5,5,4,5,5,5,5,4,5,5,5,5,5,5,5
"234","4753","Male","American Diploma",5,4,5,5,5,3,3,3,4,4,5,4,5,4,4,5,5,5,5,4,4,4,4,5,4,4,4,5,4,5,5,4,4,5,5,5,4,4,5,5,3,4,4,5
"235","4737","Male","American Diploma",4,3,5,3,4,3,3,1,3,2,4,3,2,3,4,2,3,4,4,3,3,4,4,3,5,4,5,2,4,5,4,3,3,3,3,4,3,2,3,4,4,3,3,3
"236","4746","Male","American Diploma",5,3,5,5,5,5,1,1,1,1,5,5,3,5,3,5,5,5,5,5,5,5,5,5,5,5,5,5,5,5,5,5,5,5,5,5,5,5,5,5,5,5,5,5
"237","4763","Male","American Diploma",4,4,3,5,3,4,5,5,5,5,5,5,5,5,5,5,5,5,5,4,3,2,4,3,5,3,3,4,3,4,4,4,4,3,5,4,3,4,5,5,5,4,5,5
"238","4768","Male","American Diploma",3,3,5,5,5,1,1,1,1,1,1,5,5,2,5,5,5,5,5,4,4,4,5,4,4,4,4,4,4,4,4,4,4,5,4,5,4,5,5,5,5,4,5,5
"239","4762","Male","American Diploma",3,3,5,5,5,5,3,3,3,1,5,3,3,3,3,5,5,3,5,3,3,4,4,3,4,4,2,3,4,4,4,3,4,3,4,5,4,2,5,4,5,3,5,4
"240","4764","Male","American Diploma",4,4,4,5,4,5,5,5,5,5,5,5,5,5,4,4,4,4,4,4,4,4,4,3,4,4,4,3,5,5,5,5,5,4,4,5,5,5,5,5,5,5,5,5
"241","4758","Male","IB",4,3,5,5,5,1,1,2,1,1,5,1,4,5,3,4,5,5,5,5,5,4,4,4,5,4,5,5,5,5,5,3,3,5,4,5,4,5,5,5,5,4,5,5
"242","4754","Male","American Diploma",5,5,5,4,5,5,3,5,1,1,5,5,5,5,4,5,5,5,5,1,3,4,4,4,4,4,5,4,4,3,4,3,3,3,3,4,3,3,5,4,4,4,4,4
"243","4761","Male","American Diploma",4,5,5,5,5,3,1,1,3,2,5,3,1,2,4,5,5,5,5,4,4,5,5,5,5,5,5,3,5,5,5,4,5,4,4,5,5,5,5,5,5,5,5,5
"244","4756","Male","American Diploma",5,3,5,5,4,3,2,1,2,3,4,3,3,1,3,3,5,5,5,3,4,5,4,4,4,3,5,3,5,4,5,5,5,3,5,5,4,5,5,5,4,5,5,3
"245","4755","Male","American Diploma",5,3,4,5,5,1,2,2,3,1,5,2,5,5,2,1,5,5,3,4,4,4,4,5,4,5,4,4,4,4,4,4,4,4,4,4,4,4,4,5,4,5,4,4
"246","4710","Female","American Diploma",5,5,5,5,5,5,5,5,5,5,5,5,5,5,5,5,5,5,5,5,5,5,5,4,5,5,3,4,5,5,5,5,5,5,5,5,5,5,5,5,5,5,5,5
"247","4746","Male","National",1,5,5,5,3,3,3,4,3,3,4,4,4,3,4,4,4,4,4,5,5,5,5,5,5,5,5,5,5,5,5,5,5,5,5,5,5,5,5,5,5,5,5,5
"248","4739","Male","National",3,5,5,3,5,3,3,3,3,3,3,3,3,3,3,1,3,3,3,3,3,3,3,4,4,3,3,3,4,3,4,4,4,4,4,3,4,3,4,4,4,4,4,4
"249","4754","Male","Other?",1,2,NA,NA,NA,NA,NA,NA,NA,NA,NA,NA,NA,NA,NA,NA,NA,NA,NA,1,3,4,4,4,4,4,5,4,4,3,4,3,3,3,3,4,3,3,5,4,4,4,4,4
"250","4755","Male","National",3,5,1,3,1,5,3,3,5,1,3,5,1,3,3,5,1,3,5,4,4,4,4,5,4,5,4,4,4,4,4,4,4,4,4,4,4,4,4,5,4,5,4,4
"251","4750","Male","National",1,1,1,3,1,1,5,3,3,3,5,1,3,4,5,5,3,4,3,4,4,5,5,5,3,3,5,1,1,1,1,3,1,1,2,1,1,1,5,5,3,1,4,5
"252","4754","Male","National",3,3,4,4,4,3,3,5,4,2,4,3,3,3,3,2,3,3,3,1,3,4,4,4,4,4,5,4,4,3,4,3,3,3,3,4,3,3,5,4,4,4,4,4
"253","4748","Male","National",5,5,4,5,5,5,5,5,5,5,5,5,5,5,5,5,5,5,4,3,3,4,3,4,3,3,5,4,5,3,4,5,3,3,5,4,5,5,5,4,4,4,4,5
"254","4753","Male","National",5,5,5,5,5,5,5,5,5,5,5,5,5,5,NA,NA,NA,NA,5,4,4,4,4,5,4,4,4,5,4,5,5,4,4,5,5,5,4,4,5,5,3,4,4,5
"255","4743","Female","National",5,3,1,3,4,5,4,3,4,5,5,3,2,3,3,2,5,1,5,3,3,4,3,5,3,4,5,5,5,5,5,4,3,4,4,5,3,5,5,4,5,3,4,5
"256","4760","Female","National",5,4,4,5,5,5,4,4,5,5,5,5,5,5,3,4,5,5,5,4,4,4,4,4,4,4,2,3,4,4,3,4,3,4,4,2,4,3,4,5,4,4,5,5
"257","4760","Female","National",4,5,5,5,5,4,5,4,5,4,5,3,5,5,4,5,5,4,4,4,4,4,4,4,4,4,2,3,4,4,3,4,3,4,4,2,4,3,4,5,4,4,5,5
"258","4767","Male","IB",2,1,3,4,3,1,1,1,1,1,3,3,3,2,4,3,2,3,3,4,4,4,4,4,4,4,3,3,3,3,4,4,4,4,4,4,4,4,4,4,4,4,4,4
"259","4778","Female","IB",5,5,5,5,5,5,4,5,5,5,5,5,5,5,5,4,5,5,5,5,5,5,5,4,5,5,5,5,5,5,5,5,5,5,5,5,5,5,5,5,5,5,5,5
"260","4777","Male","IB",5,5,3,5,5,1,1,1,2,2,1,1,1,2,5,5,5,5,5,5,4,5,5,4,5,5,3,3,3,3,3,3,4,3,5,4,4,5,5,5,2,4,5,5
"261","4763","Female","IB",4,3,5,5,4,2,1,1,1,1,2,1,3,4,3,3,4,3,2,4,3,2,4,3,5,3,3,4,3,4,4,4,4,3,5,4,3,4,5,5,5,4,5,5
"262","4768","Male","IB",4,5,4,5,5,3,3,3,2,2,4,3,4,3,4,3,5,5,5,4,4,4,5,4,4,4,4,4,4,4,4,4,4,5,4,5,4,5,5,5,5,4,5,5
"263","4773","Male","IB",5,5,5,5,5,4,5,5,5,5,5,3,5,3,4,4,5,5,5,4,5,5,5,4,5,5,4,4,5,5,5,5,3,5,5,5,5,5,5,5,5,5,5,5
"264","4765","Female","IB",5,5,5,5,5,5,5,5,5,5,5,5,5,5,5,5,5,5,5,5,5,5,5,5,5,4,5,5,3,5,5,3,4,4,5,5,5,5,5,5,5,5,5,5
"265","4763","Female","IB",3,5,3,4,3,3,2,2,2,4,4,5,5,3,2,2,3,2,3,4,3,2,4,3,5,3,3,4,3,4,4,4,4,3,5,4,3,4,5,5,5,4,5,5
"266","4770","Female","IB",5,4,5,5,5,3,2,2,1,3,2,1,2,3,5,5,4,5,4,4,3,3,4,3,4,3,3,4,4,4,4,4,4,3,3,5,5,5,5,5,5,4,5,5
"267","4775","Female","IB",5,5,5,5,5,3,1,1,1,1,3,3,1,1,4,3,5,5,4,4,4,5,5,5,4,5,4,5,5,5,5,5,4,5,5,5,4,4,5,5,5,5,5,5
"268","4771","Female","IB",5,4,5,5,5,5,5,5,5,5,4,1,5,5,2,1,3,3,2,4,4,4,3,3,4,4,3,4,4,4,4,4,4,5,4,4,4,4,4,4,4,4,4,4
"269","4740","Male","National",5,5,5,5,5,5,5,3,3,3,5,5,5,5,3,3,3,3,5,4,4,3,3,3,4,4,3,3,4,4,3,3,4,3,4,4,4,3,4,4,4,4,4,4
"270","4824","Male","IB",2,3,5,5,4,2,3,3,NA,2,4,4,3,4,4,3,5,5,5,4,5,4,4,5,5,5,5,2,4,4,3,5,4,5,4,4,3,4,5,5,4,5,5,4
"271","4816","Male","IB",4,4,4,4,4,4,4,5,5,5,5,5,5,5,3,3,3,3,3,5,5,5,5,5,5,5,5,5,5,3,5,5,5,5,5,5,5,5,5,5,5,5,5,5
"272","4817","Male","IB",5,5,5,5,5,1,1,1,1,1,1,1,1,1,5,5,5,5,5,5,5,5,5,5,5,5,5,5,5,5,5,5,5,5,5,5,5,5,5,5,5,5,5,5
"273","4824","Male","IB",4,5,5,5,3,5,5,4,3,3,5,5,5,5,4,4,4,5,4,4,5,4,4,5,5,5,5,2,4,4,3,5,4,5,4,4,3,4,5,5,4,5,5,4
"274","4815","Male","IB",5,5,5,5,5,3,2,4,4,4,5,4,5,5,5,5,5,5,5,5,5,5,5,5,5,5,5,5,5,5,5,5,5,5,5,5,5,5,5,5,5,5,5,5
"275","4825","Male","IB",5,5,5,5,5,1,1,1,1,1,4,1,5,3,4,4,4,4,4,4,4,4,4,4,4,4,4,4,3,4,4,4,4,4,5,4,4,3,3,4,4,4,4,4
"276","4819","Male","IB",5,5,4,5,5,4,3,3,4,3,5,2,5,5,5,5,4,5,5,4,4,4,5,4,4,4,4,5,4,3,5,4,4,4,5,5,5,4,5,5,5,5,5,5
"277","4822","Female","IB",5,5,5,5,5,3,3,1,1,3,4,3,3,3,4,4,5,4,5,4,5,5,5,5,5,5,4,4,5,5,5,4,4,5,5,5,5,4,5,5,4,4,5,5
"278","4821","Female","IB",5,5,5,5,4,5,4,4,5,4,4,4,4,4,4,3,4,5,5,5,4,5,5,5,5,5,5,5,5,5,5,4,5,5,5,5,5,5,4,5,5,5,5,5
"279","4781","Male","IB",3,3,4,4,3,1,1,1,1,1,2,2,1,1,4,3,5,4,5,4,4,5,5,3,4,4,3,2,4,3,3,4,3,2,4,3,3,3,5,4,4,4,5,5
"280","4789","Male","IB",5,5,5,5,5,4,1,3,3,3,5,1,5,3,4,4,5,5,4,4,4,4,4,3,4,5,4,4,5,4,4,2,3,3,5,5,5,5,5,5,5,5,5,5
"281","4782","Female","IB",4,4,3,3,5,3,3,2,3,3,3,1,3,3,4,3,5,5,4,3,3,4,4,4,4,4,4,4,4,4,4,4,4,3,4,5,3,4,5,4,4,3,4,4
"282","4786","Male","IB",5,4,3,5,5,4,4,2,3,3,3,3,4,3,3,2,3,4,4,4,4,4,4,3,4,4,4,3,4,5,4,3,4,4,4,5,4,4,5,5,5,4,5,5
"283","4783","Male","IB",4,3,3,2,3,1,4,1,1,1,5,2,4,5,4,2,5,5,5,4,4,4,5,2,4,4,3,4,3,4,3,3,4,2,4,3,2,3,5,5,4,2,5,5
"284","4787","Female","IB",3,3,3,5,4,2,2,1,1,1,3,2,3,2,2,2,3,3,3,3,4,4,4,3,4,4,3,3,3,3,2,3,4,4,3,4,3,3,4,4,4,4,4,5
"285","4785","Male","IB",5,5,5,5,5,1,1,1,1,1,5,1,1,1,3,3,5,5,5,3,5,5,5,2,5,4,3,5,4,5,5,4,5,2,5,5,5,4,5,5,5,4,5,5
"286","4780","Female","IB",3,4,3,5,4,1,2,1,1,1,2,1,2,1,3,3,4,4,5,4,4,4,4,4,4,4,4,4,4,4,4,4,4,4,5,5,4,4,5,5,3,4,5,5
"287","4784","Male","IB",3,4,2,5,5,2,1,1,1,1,3,2,4,2,2,1,4,5,4,1,3,4,3,1,4,4,3,2,2,3,3,4,4,2,5,4,2,1,4,4,3,1,5,4
"288","4779","Male","IB",5,5,4,5,5,2,3,5,1,2,1,3,5,1,5,5,4,5,3,5,5,5,3,3,5,2,3,5,4,5,4,4,5,3,3,5,5,5,4,4,5,4,5,5
"289","4756","Male","National",1,5,1,2,5,1,5,5,3,1,5,5,5,1,1,3,5,1,1,3,4,5,4,4,4,3,5,3,5,4,5,5,5,3,5,5,4,5,5,5,4,5,5,3
"290","4795","Male","IB",4,3,2,3,4,1,1,2,1,1,4,4,4,1,3,2,4,4,4,3,4,4,4,4,4,3,4,5,2,5,4,3,4,1,3,4,4,4,3,5,5,5,5,5
"291","4805","Male","IB",3,3,3,4,3,1,1,1,1,1,4,2,1,1,2,2,1,3,2,4,3,3,3,3,4,4,2,4,3,4,5,3,4,4,4,4,3,4,4,4,4,4,4,4
"292","4799","Male","IB",2,3,3,4,2,5,4,2,3,3,3,4,2,3,1,5,2,2,3,4,4,4,4,3,4,4,4,4,4,4,4,4,4,4,4,4,4,5,4,5,4,4,4,5
"293","4806","Male","IB",4,3,4,4,4,2,3,1,1,1,3,1,1,1,3,2,4,3,3,3,4,4,5,3,4,4,4,4,4,4,4,4,4,4,4,4,4,3,4,4,4,4,4,4
"294","4807","Male","IB",4,4,5,4,5,4,5,4,4,4,5,4,4,4,4,5,4,4,5,4,4,4,4,3,4,4,2,5,4,4,4,5,5,4,5,4,4,5,5,4,4,5,4,4
"295","4803","Female","IB",3,3,3,3,3,3,2,2,2,2,2,2,2,2,2,1,3,3,3,3,3,4,4,3,4,4,3,2,3,2,4,2,3,3,4,4,3,3,4,4,3,3,4,4
"296","4802","Female","IB",5,3,2,5,2,1,1,1,1,1,1,1,1,1,3,4,2,3,3,4,4,4,4,4,4,4,3,3,3,4,4,4,4,3,3,3,3,3,4,4,4,3,4,4
"297","4813","Male","IB",3,2,4,5,5,3,5,3,2,2,3,4,5,1,4,3,5,5,5,5,5,5,4,3,5,3,1,5,5,4,4,3,4,2,2,4,2,5,5,5,5,4,5,5
"298","4801","Female","IB",5,5,5,5,5,2,1,1,1,1,4,1,4,1,3,2,4,5,4,5,4,5,4,3,5,5,3,3,4,4,5,5,5,5,5,5,4,5,5,5,5,5,5,5
"299","4836","Male","IB",5,4,3,5,5,2,2,2,2,2,4,2,1,2,5,5,4,5,4,5,5,5,5,5,5,5,5,4,3,4,4,3,4,3,4,4,4,4,5,5,4,4,5,5
"300","4832","Female","IB",5,5,3,5,5,5,5,5,5,5,5,5,5,5,3,4,3,4,4,5,5,5,5,5,5,5,5,5,5,4,5,5,5,5,5,5,4,5,5,5,4,5,4,5
"301","4838","Male","IB",3,2,4,4,4,2,1,2,2,2,5,1,2,2,3,2,3,3,3,2,3,4,3,4,4,4,4,4,4,1,2,2,3,1,4,1,2,4,4,4,3,4,4,3
"302","4833","Male","IB",3,5,3,5,5,3,3,3,1,1,5,1,5,3,3,3,3,3,3,3,4,5,4,3,4,5,3,4,3,3,3,3,3,3,5,5,3,3,5,5,4,3,5,5
"303","4828","Male","IB",3,3,3,4,5,3,3,1,1,1,3,1,2,3,3,3,3,3,3,4,4,2,5,3,4,4,4,2,3,3,4,3,3,3,4,4,2,3,4,4,3,4,4,4
"304","4831","Female","IB",5,4,4,5,5,2,1,1,1,1,1,1,1,1,5,4,5,5,5,4,3,5,5,3,5,4,4,3,5,4,4,4,4,4,5,5,5,5,5,5,4,5,5,5
"305","4826","Male","IB",5,5,5,5,5,1,3,1,1,1,3,1,5,1,4,4,5,5,5,5,5,5,5,4,5,5,3,5,5,5,5,5,5,4,5,5,5,5,5,5,5,5,5,5
"306","4829","Female","IB",3,5,4,5,5,1,1,1,1,1,1,1,1,1,4,3,5,5,4,3,3,5,4,3,4,3,2,4,3,4,4,4,4,2,3,4,3,3,4,4,3,4,4,4
"307","4830","Male","IB",2,2,2,1,1,2,3,3,4,4,1,2,2,2,2,2,2,2,3,3,3,3,3,5,3,3,4,5,4,5,5,4,4,4,5,4,2,4,5,5,3,5,5,5
"308","4846","Male","IB",4,3,4,5,5,1,1,1,1,1,4,1,3,2,5,5,5,5,5,5,4,5,5,3,5,5,4,3,4,4,2,4,4,3,4,4,5,4,5,5,4,5,5,5
"309","4855","Male","IB",3,5,1,5,4,1,4,3,1,1,1,1,1,1,4,3,4,5,3,3,2,3,4,3,2,4,2,3,5,3,2,1,3,1,5,3,3,4,4,2,3,4,5,4
"310","4850","Male","IB",2,3,2,4,5,2,1,2,2,1,3,2,4,3,2,2,3,3,3,2,3,4,4,4,4,4,3,3,4,2,3,2,3,4,3,3,2,4,4,4,4,3,4,4
"311","4845","Female","IB",4,4,4,4,5,3,2,2,3,3,5,2,5,5,4,4,3,5,5,4,4,4,4,4,4,4,4,4,5,5,5,4,4,3,4,4,4,5,5,4,5,4,4,5
"312","4848","Female","IB",4,5,4,5,5,4,4,4,4,5,5,3,5,5,5,5,5,5,5,5,5,5,5,5,5,5,5,4,4,4,4,4,4,3,4,4,4,5,5,5,4,5,5,5
"313","4839","Female","IB",2,1,3,4,2,3,4,2,1,3,5,3,4,5,2,3,4,3,2,4,2,2,4,3,4,4,3,3,3,3,4,3,3,4,5,4,4,2,4,4,3,4,4,4
"314","4752","Male","Other?",5,5,5,5,3,5,3,5,3,3,5,3,5,3,3,3,2,3,3,4,3,4,3,5,4,4,5,3,5,5,4,4,4,4,5,5,5,4,4,5,5,4,5,5
"315","4871","Female","IB",4,5,3,5,5,5,5,5,5,5,5,5,5,4,4,2,4,5,5,4,4,5,5,5,4,4,3,3,3,3,4,3,4,3,4,4,4,5,4,5,4,4,4,5
"316","4874","Male","IB",4,5,5,3,3,3,2,3,2,3,4,1,4,2,4,4,4,4,3,3,4,3,4,4,4,3,4,4,4,4,3,3,3,4,4,4,4,4,5,5,3,5,5,5
"317","4863","Female","IB",4,5,5,4,4,1,1,1,1,1,1,1,1,1,4,3,4,5,5,4,5,5,5,3,4,5,5,3,4,3,3,4,4,4,2,4,3,5,4,4,4,4,4,4
"318","4860","Male","IB",4,5,4,4,5,3,3,3,2,2,3,2,4,4,4,3,5,4,4,4,4,4,5,4,4,4,4,3,4,3,3,3,4,3,4,4,4,4,4,4,3,4,4,5
"319","4869","Male","IB",5,3,5,5,4,2,1,1,2,3,3,1,1,3,4,4,5,5,5,5,5,5,5,4,5,5,5,4,5,5,4,5,5,5,4,5,5,5,5,5,5,5,5,5
"320","4862","Female","IB",3,3,5,5,4,1,1,1,1,1,1,1,2,1,4,5,5,5,5,5,5,5,5,5,5,3,4,3,4,4,4,3,3,4,4,4,4,5,5,5,5,4,5,5
"321","4870","Male","IB",4,4,3,5,3,5,4,3,4,4,5,2,1,5,3,4,5,4,3,4,3,4,4,4,4,4,4,1,3,3,2,3,2,4,4,4,3,3,3,4,3,3,3,4
"322","4868","Female","IB",5,5,5,5,5,1,1,1,1,1,3,1,2,1,4,3,4,4,5,4,5,5,5,5,5,4,4,5,4,5,5,4,5,5,5,5,5,5,5,5,5,5,5,5
"323","4861","Female","IB",4,5,4,5,5,2,2,2,2,2,4,3,4,4,3,3,4,3,3,4,4,3,3,3,4,3,3,4,5,4,4,4,3,4,4,5,4,4,4,4,4,4,5,5
"324","4899","Female","IGCSE (British)",3,4,5,5,5,2,2,1,1,1,2,1,2,1,4,4,4,4,5,4,4,5,5,3,4,4,4,5,4,4,4,4,3,5,5,5,4,4,4,4,5,4,5,4
"325","4898","Female","IGCSE (British)",3,3,1,5,3,3,1,3,3,1,5,3,1,1,1,1,3,5,5,5,5,5,5,5,5,5,5,5,4,4,4,5,5,3,4,3,4,3,5,5,4,3,5,5
"326","4879","Female","IGCSE (British)",5,5,3,5,5,3,1,1,2,1,3,4,5,5,2,3,5,5,5,4,5,5,5,3,5,4,4,4,5,5,5,4,4,5,4,5,5,4,5,5,5,5,5,4
"327","4919","Female","IGCSE (British)",3,3,2,4,3,4,2,4,3,3,4,4,5,5,3,3,3,4,4,4,5,4,5,5,4,4,5,3,5,3,4,4,3,4,4,4,4,4,5,4,5,5,5,5
"328","4879","Male","IGCSE (British)",5,5,5,5,5,1,1,3,3,3,5,5,5,5,5,5,5,5,5,4,5,5,5,3,5,4,4,4,5,5,5,4,4,5,4,5,5,4,5,5,5,5,5,4
"329","4913","Male","IGCSE (British)",4,5,4,3,4,1,1,2,1,5,3,2,4,3,4,3,5,5,3,2,3,5,4,3,4,4,4,4,4,3,3,4,4,5,4,5,4,3,5,4,5,3,4,4
"330","4897","Male","IGCSE (British)",5,5,5,3,3,1,1,1,1,1,1,1,1,2,3,3,3,4,5,4,4,4,4,3,5,4,4,4,4,4,5,4,4,4,5,4,4,3,4,4,4,4,5,4
"331","4911","Female","IGCSE (British)",3,5,3,5,5,1,1,1,1,1,2,1,1,1,3,4,4,5,5,5,5,4,4,4,5,5,4,4,5,4,4,5,4,5,5,5,5,4,5,5,5,5,5,5
"332","4904","Male","IGCSE (British)",5,5,4,5,4,1,1,1,1,2,3,1,3,1,4,4,5,5,5,5,5,5,5,4,5,5,5,4,5,5,5,4,4,4,5,5,4,4,5,5,5,4,5,5
"333","4910","Female","IGCSE (British)",4,5,3,5,4,1,1,1,1,1,2,1,3,2,3,2,3,3,3,4,4,4,5,3,4,5,3,4,5,4,4,4,4,5,5,4,4,3,5,5,4,4,5,5
"334","4901","Female","IGCSE (British)",4,3,2,4,4,2,2,2,1,2,4,2,2,2,3,3,4,4,3,5,5,4,4,4,5,4,4,3,3,4,4,4,4,2,4,5,5,3,5,5,5,5,4,4
"335","4884","Female","IGCSE (British)",5,5,5,5,5,5,3,5,5,3,5,3,3,5,3,3,3,3,3,5,4,5,4,3,4,4,4,5,4,5,5,5,4,5,5,5,5,5,5,5,5,5,5,5
"336","4898","Female","IGCSE (British)",3,4,2,5,5,2,2,3,3,3,4,4,5,5,5,5,5,5,5,5,5,5,5,5,5,5,5,5,4,4,4,5,5,3,4,3,4,3,5,5,4,3,5,5
"337","4917","Male","IGCSE (British)",5,5,4,5,4,1,3,1,1,1,1,2,4,4,3,3,5,5,5,4,3,4,4,4,4,4,4,5,5,5,4,4,3,5,4,4,5,4,4,4,5,4,4,4
"338","4908","Female","IGCSE (British)",4,4,5,5,4,2,1,1,1,1,3,1,1,1,4,5,5,4,4,4,4,4,5,4,5,5,5,3,4,4,5,5,4,4,5,5,4,4,4,5,4,4,5,5
"339","4900","Male","IGCSE (British)",4,3,4,5,4,4,3,2,3,4,5,3,5,3,4,3,4,5,5,4,4,5,4,5,4,5,5,4,4,5,4,3,4,3,4,5,4,4,5,5,5,3,5,5
"340","4922","Female","IGCSE (British)",5,5,3,5,5,3,3,5,3,1,5,4,5,3,4,4,5,5,4,3,5,5,4,4,4,3,4,5,4,4,4,4,4,4,5,4,5,2,5,5,5,4,5,5
"341","4906","Female","IGCSE (British)",5,5,4,5,5,5,4,4,4,5,5,5,5,5,4,5,5,5,5,5,4,5,5,5,5,5,5,4,4,5,5,4,4,4,4,5,5,5,5,5,5,5,4,5
"342","4899","Female","IGCSE (British)",3,5,3,3,5,3,1,1,1,3,3,1,3,3,3,3,3,5,5,4,4,5,5,3,4,4,4,5,4,4,4,4,3,5,5,5,4,4,4,4,5,4,5,4
"343","4885","Female","IGCSE (British)",4,5,5,5,4,3,3,4,4,5,5,1,4,3,4,5,5,5,5,5,5,5,4,5,5,4,4,3,5,4,4,4,4,5,5,5,5,5,5,5,5,5,5,5
"344","4914","Female","IGCSE (British)",3,5,5,5,5,2,3,3,4,4,5,1,4,5,3,2,4,5,4,3,3,5,4,4,5,4,4,4,5,5,5,4,5,3,5,5,5,5,5,5,5,5,5,5
"345","4921","Female","IGCSE (British)",4,5,5,4,3,5,4,2,3,3,4,1,5,4,4,3,3,4,5,3,3,4,4,5,4,3,4,4,5,5,5,3,4,4,4,4,4,5,5,5,5,5,5,4
"346","4903","Female","IGCSE (British)",4,5,3,4,5,2,2,2,1,2,3,2,3,2,4,3,4,5,4,4,2,4,3,4,3,4,4,5,4,3,5,4,5,4,5,5,4,4,5,4,5,4,5,5
"347","4902","Female","IGCSE (British)",5,3,1,5,5,3,1,1,3,3,5,1,5,5,5,5,3,3,5,3,4,4,4,4,3,5,4,4,4,4,4,4,5,2,3,4,3,2,5,5,4,2,5,5
"348","4909","Female","IGCSE (British)",5,4,3,3,4,3,2,3,2,2,4,1,4,3,4,2,5,5,4,3,4,4,4,4,5,5,4,5,3,5,4,3,4,5,4,3,4,5,4,4,5,4,4,4
"349","4912","Female","IGCSE (British)",4,5,3,5,5,3,4,3,3,3,4,1,4,4,3,5,5,5,5,5,5,5,5,4,5,4,4,4,4,4,4,3,4,3,3,4,4,4,5,4,4,4,4,4
"350","4926","Female","IGCSE (British)",4,4,3,3,3,3,3,2,2,2,5,2,3,2,2,2,3,3,4,3,3,4,3,3,2,3,3,3,4,3,3,2,2,3,3,4,5,5,4,3,4,5,2,2
"351","4886","Female","IGCSE (British)",3,5,5,5,5,2,3,2,1,1,3,1,2,2,5,5,5,5,3,4,3,4,4,5,4,3,4,5,5,4,5,3,4,4,5,5,5,5,5,4,4,5,5,5
"352","4907","Male","IGCSE (British)",3,3,2,4,3,1,1,1,1,3,5,5,5,5,4,3,5,4,5,3,4,4,4,4,4,4,3,4,5,4,4,4,3,3,4,4,4,3,4,4,4,4,4,4
"353","4888","Female","IGCSE (British)",1,3,5,5,5,3,5,1,5,5,5,1,5,5,5,5,5,5,5,5,4,5,5,5,5,5,5,5,5,5,4,1,5,1,4,4,5,5,5,5,5,5,5,4
"354","4896","Female","IGCSE (British)",5,5,3,5,4,3,3,1,1,3,5,5,3,2,2,2,3,4,3,5,3,4,4,5,5,4,5,3,5,5,5,4,2,3,5,5,5,5,5,5,5,5,5,5
"355","4927","Female","IGCSE (British)",3,3,2,5,5,1,1,2,3,2,4,1,3,3,2,3,2,3,2,4,3,3,4,3,5,4,3,3,5,4,4,5,4,3,4,4,4,4,4,5,4,4,4,4
"356","4878","Female","IGCSE (British)",5,5,5,5,5,2,2,2,1,1,4,3,4,3,5,4,5,4,5,4,4,5,5,5,5,5,5,4,5,5,5,4,4,4,5,5,5,5,5,5,5,5,5,5
"357","4880","Male","IGCSE (British)",3,5,3,4,3,3,1,1,1,1,1,1,1,1,5,5,5,5,5,2,3,5,5,5,5,5,4,3,4,5,4,3,2,2,5,5,5,5,5,5,5,5,5,5
"358","4920","Female","IGCSE (British)",3,5,5,5,5,3,4,4,3,5,5,5,5,5,5,5,5,5,5,5,4,5,5,5,5,5,5,5,4,4,4,4,4,3,5,4,5,4,5,5,5,5,5,5
"359","4887","Male","IGCSE (British)",3,4,4,3,2,3,3,4,4,4,3,3,4,3,5,4,3,3,4,4,4,5,4,4,4,4,4,4,5,4,4,5,4,5,4,5,4,5,4,4,4,4,3,4
