"","ID","Gender","Certificate","Q01","Q02","Q03","Q04","Q05","Q06","Q07","Q08","Q09","Q10","Q11","Q12","Q13","Q14","Q15","Q16","Q17","Q18","Q19","sum"
"1","4217","Male","IB",3,2,3,4,3,4,5,1,3,4,1,5,2,1,1,1,2,3,5,53
"2","4216","Male","IB",1,2,3,2,3,2,3,2,3,2,4,2,3,1,1,1,1,1,1,38
"3","4232","Male","IB",4,5,4,4,5,4,3,3,3,3,3,3,3,3,4,4,4,4,4,70
"4","4233","Male","IB",5,5,5,5,5,5,5,5,4,5,4,5,4,4,3,3,3,4,4,83
"5","4235","Male","IB",5,5,5,5,3,3,2,4,4,5,4,5,4,4,5,5,5,4,4,81
"6","4230","Female","IB",1,1,1,1,1,1,1,5,5,5,5,5,5,5,5,5,5,5,5,67
"7","4420","Male","IB",4,5,4,5,4,3,3,3,3,3,4,3,4,4,5,4,5,5,5,76
"8","4421","Male","IB",5,5,4,5,5,2,1,3,1,1,3,1,1,1,5,3,4,5,2,57
"9","4234","Female","IB",5,3,1,4,2,5,3,1,4,2,5,3,5,3,1,3,2,5,3,60
"10","4219","Male","IB",5,5,5,5,5,5,5,5,5,5,5,5,5,5,5,5,5,5,5,95
"11","4229","Female","IB",5,5,5,5,5,5,5,5,5,5,5,5,5,5,5,5,5,5,5,95
"12","4236","Male","IB",5,4,5,5,4,5,5,5,5,4,5,1,5,1,5,3,5,5,5,82
"13","4227","Female","IB",NA,NA,NA,NA,NA,NA,NA,NA,NA,NA,NA,NA,NA,NA,NA,NA,NA,NA,NA,0
"14","4228","Female","IB",5,5,5,5,5,1,1,1,1,1,3,1,5,1,3,4,5,5,5,62
"15","4224","Female","IB",5,5,3,5,5,4,4,3,3,3,5,1,4,1,4,5,5,5,5,75
"16","4226","Female","IB",5,5,5,5,NA,1,1,5,1,1,1,1,1,1,5,4,5,5,5,57
"17","4225","Female","IB",5,2,5,5,NA,5,5,1,1,1,4,1,5,2,5,4,5,5,5,66
"18","4254","Female","IGCSE (British)",4,5,3,5,4,3,3,1,2,1,4,3,3,4,3,4,5,5,4,66
"19","4267","Female","IGCSE (British)",3,5,2,4,5,5,5,1,5,5,3,5,5,1,5,3,5,5,5,77
"20","4255","Female","IGCSE (British)",5,5,5,5,3,1,1,1,1,1,3,1,3,1,3,5,5,5,5,59
"21","4261","Female","IGCSE (British)",5,4,5,5,4,3,3,3,3,3,4,2,1,3,5,4,5,4,4,70
"22","4246","Male","IGCSE (British)",3,3,5,4,4,1,1,1,1,1,3,3,3,3,3,3,5,4,5,56
"23","4251","Female","IGCSE (British)",3,4,5,4,5,1,4,2,3,4,3,3,5,4,4,2,3,4,4,67
"24","4241","Male","IGCSE (British)",5,5,5,5,5,1,1,1,1,1,3,1,3,3,4,4,5,5,5,63
"25","4247","Male","IGCSE (British)",4,5,4,4,5,1,1,1,1,1,3,3,1,1,5,4,5,5,5,59
"26","4256","Female","IGCSE (British)",5,5,5,5,5,3,5,3,5,5,5,5,5,5,3,5,5,5,5,89
"27","4253","Female","IGCSE (British)",5,4,4,5,5,2,2,3,3,3,5,5,4,4,4,2,5,5,4,74
"28","4263","Female","IGCSE (British)",4,4,4,5,4,5,5,4,3,1,5,3,5,2,5,3,5,5,5,77
"29","4244","Male","IGCSE (British)",3,4,3,5,4,1,1,4,3,2,5,5,5,4,3,3,5,4,4,68
"30","4252","Female","IGCSE (British)",5,4,3,5,5,2,5,3,3,3,3,3,3,3,4,4,4,4,4,70
"31","4257","Female","IGCSE (British)",5,4,5,5,4,5,5,5,3,3,5,3,3,2,4,4,5,5,5,80
"32","4264F","Female","IGCSE (British)",3,3,3,5,2,1,1,1,1,1,3,1,3,1,5,4,5,5,5,53
"33","4259","Female","IGCSE (British)",5,5,5,5,5,4,4,3,3,4,4,4,5,2,5,4,5,5,5,82
"34","4242","Male","IGCSE (British)",2,2,5,5,4,3,1,1,3,3,5,4,5,5,3,3,4,3,4,65
"35","4265","Female","IGCSE (British)",3,2,3,2,3,3,4,5,3,3,3,4,2,4,3,2,4,3,4,60
"36","4282A","Male","IGCSE (British)",2,5,5,5,5,4,5,5,5,5,5,5,1,5,5,5,5,5,5,87
"37","4276","Male","IGCSE (British)",5,5,5,5,4,2,1,1,1,1,2,1,1,1,5,4,5,4,5,58
"38","4272","Female","IGCSE (British)",5,5,3,5,5,1,1,1,1,1,3,1,3,1,3,1,5,5,3,53
"39","4284","Female","IGCSE (British)",3,4,2,3,4,2,1,3,2,2,4,2,2,2,3,4,4,2,2,51
"40","4292F","Female","IGCSE (British)",3,5,5,5,5,3,3,2,1,1,4,1,5,5,5,4,5,4,4,70
"41","4280","Male","IGCSE (British)",4,5,5,5,5,4,4,5,5,5,5,5,5,5,3,5,5,5,5,90
"42","4294F","Female","IGCSE (British)",5,4,5,5,5,2,2,2,1,1,2,1,3,1,5,4,5,4,5,62
"43","4287","Female","IGCSE (British)",5,5,5,5,5,3,3,2,1,1,2,2,2,1,2,2,5,5,5,61
"44","4275","Male","IGCSE (British)",4,5,5,5,4,2,1,1,3,3,5,2,5,4,5,5,5,5,4,73
"45","4273","Male","IGCSE (British)",4,5,5,4,5,4,3,4,1,1,3,1,4,4,5,5,5,5,5,73
"46","4289","Female","IGCSE (British)",4,5,4,3,5,5,5,3,5,3,4,5,4,4,3,3,4,3,4,76
"47","4291F","Female","IGCSE (British)",4,5,5,5,5,5,4,2,2,2,5,1,5,4,4,3,5,5,4,75
"48","4277","Male","IGCSE (British)",3,NA,3,5,5,2,2,1,1,2,3,3,1,1,4,4,4,4,4,52
"49","4286","Female","IGCSE (British)",3,3,3,5,5,1,1,1,1,1,1,1,1,1,3,3,3,3,3,43
"50","4285","Female","IGCSE (British)",5,5,5,5,5,3,3,3,3,3,3,3,3,3,4,4,5,4,5,74
"51","4270","Male","IGCSE (British)",5,5,3,5,4,5,4,3,5,5,5,5,5,3,4,3,5,4,5,83
"52","4293F","Female","IGCSE (British)",3,5,5,5,5,5,3,1,1,2,3,3,5,5,5,3,3,5,5,72
"53","4243","Female","IGCSE (British)",3,5,3,5,5,3,1,1,3,1,5,1,5,3,3,3,3,5,5,63
"54","4271","Male","IGCSE (British)",5,5,5,5,3,2,2,5,1,1,4,1,3,4,4,4,5,5,5,69
"55","4264","Male","IGCSE (British)",4,5,5,5,5,2,2,2,2,2,3,1,4,4,3,2,4,4,5,64
"56","4268","Female","IGCSE (British)",3,3,5,3,3,1,5,1,1,1,5,3,3,5,3,1,3,5,5,59
"57","4258","Male","IGCSE (British)",5,3,5,5,5,5,5,5,5,5,5,5,5,5,5,3,3,4,5,88
"58","4249","Female","IGCSE (British)",5,5,4,5,5,3,3,4,3,3,5,1,3,3,5,4,4,5,5,75
"59","4240","Male","IGCSE (British)",3,1,1,3,1,5,3,3,3,3,5,1,5,5,3,3,3,1,3,55
"60","4260","Male","IGCSE (British)",5,5,4,4,4,2,2,2,1,1,3,1,4,3,4,3,5,5,5,63
"61","4269","Female","IGCSE (British)",4,4,3,5,4,4,4,3,3,3,5,5,5,5,4,3,4,4,5,77
"62","4248","Female","IGCSE (British)",5,5,4,5,5,4,2,3,1,1,3,2,3,2,5,4,5,5,4,68
"63","4290","Male","American Diploma",3,4,4,5,4,2,1,1,2,2,3,3,3,3,4,5,5,5,5,64
"64","4283","Male","American Diploma",3,2,2,5,3,2,3,1,1,2,3,4,1,1,2,3,4,5,4,51
"65","4288","Male","American Diploma",4,4,5,5,4,2,1,1,2,1,5,3,3,2,4,5,4,5,5,65
"66","4321","Female","IGCSE (British)",3,3,5,5,3,1,1,1,1,1,3,1,3,1,3,3,5,5,3,51
"67","4300","Female","IGCSE (British)",3,5,5,5,4,1,1,3,3,2,1,1,2,2,4,3,5,5,5,60
"68","4304","Male","IGCSE (British)",5,5,4,4,5,4,2,4,3,4,5,5,4,3,5,3,4,3,3,75
"69","4303","Female","IGCSE (British)",5,3,5,3,3,3,2,2,3,3,5,4,5,5,3,3,5,4,5,71
"70","4312","Male","National",3,3,3,4,4,4,4,2,5,3,2,3,3,2,2,1,4,3,3,58
"71","4322","Female","IGCSE (British)",4,3,5,4,5,4,2,1,1,2,5,4,4,3,3,4,3,4,3,64
"72","4313","Female","IGCSE (British)",3,2,4,5,2,1,2,2,2,2,3,1,2,3,4,3,3,4,2,50
"73","4315","Male","IGCSE (British)",5,5,5,5,5,3,5,1,1,1,5,1,2,3,5,5,5,5,5,72
"74","4319","Female","IGCSE (British)",4,5,5,4,5,5,3,4,5,4,5,2,5,5,4,3,4,4,4,80
"75","4318","Female","IGCSE (British)",3,NA,NA,NA,NA,NA,NA,NA,NA,NA,NA,NA,NA,NA,NA,NA,NA,NA,NA,3
"76","4296","Female","IGCSE (British)",3,3,1,5,3,3,5,3,5,3,5,1,5,1,3,3,3,5,3,63
"77","4308","Female","IGCSE (British)",5,5,4,5,5,3,3,2,3,5,5,5,5,3,3,3,3,4,3,74
"78","4036","Male","IGCSE (British)",3,3,3,4,2,1,3,2,3,3,2,2,3,2,3,4,2,4,3,52
"79","4307","Female","IGCSE (British)",5,5,4,4,5,3,3,3,3,3,3,1,3,2,4,4,5,5,5,70
"80","4301","Female","IGCSE (British)",5,5,3,5,5,5,4,3,2,2,5,1,5,5,5,5,5,5,5,80
"81","4294","Male","IGCSE (British)",3,5,2,4,3,5,5,1,5,5,5,5,5,5,3,2,3,3,5,74
"82","4299","Male","IGCSE (British)",4,3,4,5,4,5,5,3,5,4,5,4,4,4,4,4,5,5,5,82
"83","4309","Male","IGCSE (British)",5,5,5,5,5,1,3,5,1,1,5,1,1,4,5,5,5,5,5,72
"84","4302","Female","IGCSE (British)",4,5,4,5,4,4,4,5,2,2,3,3,5,4,5,4,5,2,2,72
"85","4278","Male","American Diploma",3,3,2,4,2,1,1,2,1,1,2,1,3,1,4,2,4,4,3,44
"86","4291","Male","American Diploma",3,4,4,3,3,4,2,1,1,3,5,1,1,3,4,2,5,5,5,59
"87","4282K","Male","American Diploma",4,5,3,3,4,5,3,4,3,5,5,5,5,3,3,2,3,4,5,74
"88","4293","Male","American Diploma",4,4,5,5,4,5,5,4,3,5,4,5,4,3,4,4,4,4,5,81
"89","4443","Male","IGCSE (British)",3,3,3,5,5,4,4,3,3,3,5,2,5,5,3,3,5,5,5,74
"90","4327","Male","IGCSE (British)",3,5,5,5,5,3,2,3,4,4,5,3,4,3,4,4,5,5,5,77
"91","4330","Male","IGCSE (British)",3,3,5,5,5,1,3,3,5,1,3,2,4,5,3,4,5,4,5,69
"92","4337","Male","IGCSE (British)",5,5,5,5,5,1,2,3,4,4,5,1,3,4,5,5,5,5,5,77
"93","4343","Female","IGCSE (British)",4,5,4,5,5,1,1,1,1,1,3,2,4,2,5,5,5,5,5,64
"94","4328","Male","IGCSE (British)",3,3,3,5,3,1,1,1,2,1,2,1,1,1,4,4,5,5,5,51
"95","4324","Male","IGCSE (British)",5,5,5,5,5,5,5,3,2,2,2,3,4,5,4,4,5,5,5,79
"96","4348","Female","IGCSE (British)",5,5,5,5,5,5,3,1,3,3,4,3,2,3,4,4,5,5,5,75
"97","4338","Female","IGCSE (British)",4,5,4,5,4,3,4,3,4,4,5,3,5,4,5,4,4,5,4,79
"98","4332","Male","IGCSE (British)",4,4,4,4,4,1,1,1,1,1,1,1,1,1,3,3,4,4,4,47
"99","4346","Female","IGCSE (British)",3,4,4,4,4,3,3,3,3,3,3,3,3,4,4,4,4,4,3,66
"100","4347","Female","IGCSE (British)",4,4,4,5,5,4,4,5,5,4,3,3,3,2,4,4,5,5,5,78
"101","4339","Female","IGCSE (British)",3,5,3,5,4,3,4,2,2,1,3,2,3,3,4,4,5,4,5,65
"102","4353","Male","IGCSE (British)",3,5,3,4,5,5,5,3,4,5,5,3,5,4,3,2,4,3,3,74
"103","4367","Female","IGCSE (British)",5,5,5,5,5,5,3,1,1,1,1,1,1,3,5,5,5,5,5,67
"104","4365","Female","IGCSE (British)",3,5,3,5,3,1,1,1,2,1,3,1,4,1,4,2,5,5,5,55
"105","4357","Male","IGCSE (British)",4,5,5,4,5,5,5,3,5,5,5,5,5,5,3,2,5,5,5,86
"106","4373","Female","IGCSE (British)",5,5,5,5,5,4,4,3,3,3,4,3,3,2,3,2,3,4,3,69
"107","4359","Male","IGCSE (British)",4,3,3,5,5,2,2,3,2,2,3,2,3,1,4,3,5,5,4,61
"108","4352","Male","IGCSE (British)",5,4,4,5,5,3,2,2,3,1,5,5,4,4,3,3,5,4,4,71
"109","4362","Male","IGCSE (British)",3,4,4,5,4,2,2,2,1,1,3,2,4,4,4,4,3,3,3,58
"110","4363","Female","IGCSE (British)",5,5,5,5,5,5,5,5,5,5,5,5,5,5,4,4,5,5,5,93
"111","4366","Female","IGCSE (British)",5,5,5,3,5,1,3,1,1,3,3,1,3,1,3,3,5,5,5,61
"112","4356","Male","IGCSE (British)",5,4,5,5,5,3,3,3,4,4,5,3,5,5,4,3,4,3,4,77
"113","4364","Female","IGCSE (British)",3,4,3,5,4,2,1,1,1,2,3,2,4,3,5,4,4,4,4,59
"114","4355","Male","IGCSE (British)",4,3,4,5,4,2,2,2,2,2,5,1,4,4,3,3,3,3,2,58
"115","4325","Male","IGCSE (British)",4,4,3,3,5,1,1,1,1,2,4,3,2,3,5,5,5,5,5,62
"116","4342","Female","IGCSE (British)",5,5,3,5,5,1,1,1,1,1,4,3,2,2,3,4,3,5,4,58
"117","4391","Male","IGCSE (British)",4,4,3,3,3,1,1,2,2,2,5,3,4,5,4,3,3,3,3,58
"118","4393","Female","IGCSE (British)",4,4,4,5,5,3,3,2,1,4,4,3,5,4,3,3,3,4,4,68
"119","4390","Male","IGCSE (British)",4,5,5,3,5,2,2,1,1,1,5,3,1,3,4,5,5,4,5,64
"120","4385","Male","IGCSE (British)",4,3,4,5,5,5,5,5,5,5,5,5,5,5,4,3,3,3,3,82
"121","4384","Female","IGCSE (British)",5,5,5,5,5,3,2,2,1,1,3,2,3,1,5,5,5,5,5,68
"122","4392","Female","IGCSE (British)",4,5,5,5,5,5,4,4,3,3,4,1,5,4,4,4,5,5,4,79
"123","4380","Female","IGCSE (British)",4,5,4,5,5,4,4,3,3,3,4,1,5,5,5,5,5,5,5,80
"124","4386","Male","IGCSE (British)",5,5,5,5,5,3,2,1,1,1,2,2,1,1,4,3,5,5,5,61
"125","4394","Female","IGCSE (British)",5,5,5,5,5,3,4,3,2,2,4,3,5,3,5,5,5,5,5,79
"126","4383","Male","IGCSE (British)",5,5,5,5,5,1,5,1,3,3,1,1,1,3,3,2,5,5,5,64
"127","4382","Female","IGCSE (British)",5,4,3,5,4,5,5,4,2,4,4,5,2,5,2,3,5,5,3,75
"128","4379","Female","IGCSE (British)",4,3,4,5,4,2,2,3,3,3,3,3,3,4,4,5,5,5,5,70
"129","4376","Male","IGCSE (British)",5,5,5,5,5,3,3,3,3,3,5,3,5,5,5,5,5,5,5,83
"130","4404","Female","IGCSE (British)",4,3,2,5,5,4,2,2,2,4,5,3,5,2,3,4,5,5,5,70
"131","4410","Female","IGCSE (British)",4,3,4,5,5,2,2,2,2,3,3,2,4,2,4,4,3,4,4,62
"132","4411","Female","IGCSE (British)",3,3,3,5,4,1,1,1,1,1,1,1,3,1,3,1,3,3,3,42
"133","4406","Male","IGCSE (British)",4,5,5,4,5,4,5,4,4,3,4,2,NA,4,4,4,3,5,5,74
"134","4400","Female","IGCSE (British)",4,4,4,5,3,3,1,1,1,1,2,5,4,4,3,3,4,4,5,61
"135","4396","Female","IGCSE (British)",4,5,5,5,5,2,2,1,1,1,2,3,3,2,4,4,5,4,5,63
"136","4407","Male","IGCSE (British)",5,5,4,5,5,2,2,1,2,1,3,3,5,5,5,4,4,5,5,71
"137","4399","Male","IGCSE (British)",3,4,4,5,5,4,4,2,2,3,2,2,4,4,4,3,5,5,4,69
"138","4413","Female","IGCSE (British)",2,3,4,4,5,1,1,1,1,2,3,1,5,2,4,4,5,4,4,56
"139","4401","Male","IGCSE (British)",4,5,4,5,5,2,3,2,1,4,5,4,5,1,4,4,5,5,5,73
"140","4397","Female","IGCSE (British)",5,5,5,5,4,2,1,1,1,1,2,2,5,2,4,3,5,5,4,62
"141","4416","Female","IGCSE (British)",5,5,5,5,5,2,1,1,1,1,2,1,3,2,4,4,5,4,4,60
"142","4429","Female","IGCSE (British)",4,5,4,5,5,3,3,2,1,2,3,2,1,1,4,4,5,4,4,62
"143","4442","Female","IGCSE (British)",5,5,5,5,5,3,3,3,1,1,5,1,5,1,5,3,5,5,5,71
"144","4428","Male","IGCSE (British)",3,4,4,5,4,4,4,4,4,4,5,4,5,4,4,3,3,3,3,74
"145","4424","Male","IGCSE (British)",5,4,5,5,5,3,4,3,2,3,4,1,3,2,3,5,5,5,5,72
"146","4433","Male","IGCSE (British)",5,5,5,5,5,1,1,1,1,1,5,3,4,1,4,5,5,4,5,66
"147","4283F","Female","IGCSE (British)",5,5,5,5,5,3,3,2,1,1,3,1,1,1,3,3,2,2,2,53
"148","4423","Male","IGCSE (British)",5,5,5,5,5,3,2,1,2,2,5,2,3,2,3,3,5,5,5,68
"149","4436","Female","IGCSE (British)",4,5,3,5,5,2,1,1,1,1,3,3,2,3,4,4,4,5,5,61
"150","4430","Female","IGCSE (British)",4,5,5,5,5,1,1,3,1,1,4,2,4,1,5,5,5,5,5,67
"151","4431","Female","IGCSE (British)",4,3,3,2,4,1,1,1,1,1,1,1,1,1,2,1,4,5,3,40
"152","4441","Female","IGCSE (British)",3,4,4,3,4,1,3,3,3,3,4,3,3,3,3,2,3,4,3,59
"153","4437","Female","IGCSE (British)",5,3,3,5,5,2,2,1,2,2,3,3,2,1,3,3,3,5,5,58
"154","4434","Female","IGCSE (British)",5,3,3,4,5,2,2,2,1,1,3,1,3,2,2,2,3,2,3,49
"155","4427","Female","IGCSE (British)",5,5,3,5,5,3,3,3,3,1,5,5,5,5,5,5,3,5,5,79
"156","4426","Female","IGCSE (British)",5,5,4,5,5,2,1,1,1,1,2,1,2,1,4,4,4,5,4,57
"157","4440","Male","IGCSE (British)",2,3,4,2,5,1,1,1,1,1,3,2,4,1,5,2,5,3,3,49
"158","4446","Male","IGCSE (British)",5,4,5,5,5,3,3,4,3,4,5,1,3,4,1,3,3,5,3,69
"159","4432","Female","IGCSE (British)",4,5,3,4,3,2,1,3,1,2,3,2,3,3,3,2,4,3,2,53
"160","4438","Female","IGCSE (British)",4,4,4,5,5,1,1,1,1,1,1,1,1,1,2,1,4,3,4,45
"161","4449","Female","American Diploma",5,3,5,5,5,2,2,2,4,4,2,2,4,5,5,5,5,5,5,75
"162","4435","Female","IB",3,2,5,4,3,2,1,3,2,1,3,2,3,1,4,3,2,3,3,50
"163","4448","Female","IB",4,5,5,5,3,2,1,2,3,3,3,1,3,1,4,3,5,5,5,63
"164","4455","Female","American Diploma",2,2,3,4,5,1,1,1,1,1,1,1,1,4,4,2,4,5,4,47
"165","4451","Female","American Diploma",5,5,5,5,5,2,1,3,1,1,3,2,3,5,5,5,5,5,5,71
"166","4447","Female","American Diploma",5,5,5,5,5,3,2,2,2,2,5,3,5,5,3,3,5,5,5,75
"167","4459","Female","American Diploma",4,4,3,5,5,1,1,1,1,1,2,4,3,3,5,5,5,5,5,63
"168","4457","Female","American Diploma",3,4,5,4,5,4,4,3,2,2,4,4,3,4,4,3,5,4,4,71
"169","4456","Female","American Diploma",4,4,4,5,4,2,3,2,2,2,3,2,3,3,4,4,4,5,3,63
"170","4454","Female","IB",5,1,3,3,3,1,3,3,1,1,4,1,1,3,3,5,3,5,3,52
"171","4458","Female","IB",4,5,3,5,3,4,3,2,2,2,5,1,5,4,5,4,5,5,5,72
"172","4460","Female","American Diploma",5,4,5,5,5,2,2,1,2,1,3,2,2,2,3,3,4,5,4,60
"173","4450","Female","American Diploma",3,4,3,5,5,3,3,3,2,2,3,4,4,4,4,4,4,4,4,68
"174","4453","Female","American Diploma",2,3,4,4,2,1,1,1,3,3,1,1,1,1,3,4,4,4,4,47
"175","4452","Female","IB",5,5,5,4,5,1,5,1,1,1,1,1,3,1,5,5,5,5,5,64
"176","4239","Male","American Diploma",3,3,5,5,5,3,1,1,1,2,4,2,5,3,5,5,4,4,4,65
"177","4408","Female","IGCSE (British)",3,4,3,5,3,2,2,1,1,1,1,1,2,2,3,4,5,4,4,51
"178","4490","Male","IGCSE (British)",4,3,5,4,3,4,1,3,1,1,5,2,4,5,5,5,5,5,5,70
"179","4465","Male","IGCSE (British)",4,5,3,5,4,3,3,2,1,3,5,4,5,5,4,3,5,5,4,73
"180","4467","Male","IGCSE (British)",5,5,5,5,5,5,5,5,5,5,5,5,5,5,5,5,5,5,5,95
"181","4472","Female","IGCSE (British)",1,1,1,5,3,3,1,1,1,1,3,1,5,1,3,5,4,3,1,44
"182","4507","Male","IGCSE (British)",5,5,5,5,5,2,2,2,2,3,4,3,5,3,5,5,5,5,5,76
"183","4518","Female","IGCSE (British)",2,2,2,4,3,1,1,1,1,1,2,2,1,2,4,3,5,4,4,45
"184","4503","Female","IGCSE (British)",5,3,5,3,5,3,1,3,3,1,3,1,3,5,5,5,5,3,3,65
"185","4479","Female","IGCSE (British)",5,5,5,5,5,5,5,3,5,5,5,3,5,5,3,3,5,5,5,87
"186","4524","Female","IGCSE (British)",3,5,5,5,3,1,1,1,1,1,3,2,1,1,5,3,5,5,3,54
"187","4485","Male","IGCSE (British)",5,5,4,5,3,5,5,5,4,5,5,4,5,5,3,5,5,4,5,87
"188","4476","Female","IGCSE (British)",4,5,5,5,5,3,1,2,2,5,5,2,5,1,4,5,5,5,5,74
"189","4483","Male","IGCSE (British)",4,4,5,4,4,3,4,4,5,5,5,4,5,4,4,3,5,5,5,82
"190","4510","Male","IGCSE (British)",4,5,3,4,4,3,3,4,1,1,3,1,3,1,4,3,4,4,3,58
"191","4482","Female","IGCSE (British)",5,5,5,5,5,5,5,5,5,5,5,5,5,5,5,5,5,5,5,95
"192","4520","Female","IGCSE (British)",3,3,NA,NA,NA,NA,NA,NA,NA,NA,NA,NA,NA,NA,NA,NA,NA,NA,NA,6
"193","4498","Female","IGCSE (British)",5,4,4,5,5,2,2,2,2,1,5,5,3,3,4,5,5,5,5,72
"194","4500","Female","IGCSE (British)",3,4,4,5,5,2,3,2,2,2,5,1,5,1,4,3,2,4,4,61
"195","4513","Female","IGCSE (British)",5,5,5,5,5,1,1,2,2,2,3,2,3,3,4,4,4,5,4,65
"196","4484","Male","IGCSE (British)",3,3,4,4,5,1,2,1,2,4,5,1,5,5,4,3,3,4,4,63
"197","4492","Female","IGCSE (British)",5,5,5,5,5,3,1,3,2,1,5,1,5,5,5,5,5,5,5,76
"198","4522","Female","IGCSE (British)",5,5,3,3,5,3,3,5,3,5,3,1,5,3,5,5,5,5,3,75
"199","4461","Male","IGCSE (British)",5,1,1,3,5,5,5,4,4,4,4,4,4,4,5,5,5,5,5,78
"200","4494","Female","IGCSE (British)",5,4,5,4,5,5,5,5,5,4,5,3,5,2,4,5,5,5,5,86
"201","4514","Female","IGCSE (British)",5,5,5,5,5,5,5,5,4,5,5,5,5,4,4,5,5,4,5,91
"202","4517","Female","IGCSE (British)",4,4,3,5,3,3,3,2,3,3,5,4,5,4,3,3,4,4,4,69
"203","4515","Female","IGCSE (British)",5,5,5,5,5,1,1,1,1,1,4,3,4,2,3,4,4,4,4,62
"204","4488","Male","IGCSE (British)",5,5,3,5,5,5,3,3,5,5,5,3,5,5,5,5,5,5,5,87
"205","4478","Female","IGCSE (British)",5,5,4,5,5,1,1,1,5,4,5,3,5,5,5,4,5,5,5,78
"206","4502","Female","IGCSE (British)",3,4,3,5,5,3,3,3,3,1,5,3,5,4,3,3,3,5,3,67
"207","4521","Male","IGCSE (British)",5,4,4,5,5,5,4,4,2,2,5,3,5,3,4,4,5,4,5,78
"208","4509","Male","IGCSE (British)",5,5,4,5,5,1,1,3,1,1,1,3,2,5,4,4,5,4,5,64
"209","4501","Female","IGCSE (British)",3,4,4,5,5,2,2,1,1,1,3,3,4,1,2,2,4,3,3,53
"210","4499","Female","IGCSE (British)",5,5,4,5,4,3,2,2,2,2,3,3,3,2,3,3,4,5,4,64
"211","4505","Male","IB",5,5,5,5,5,5,5,3,5,5,5,1,5,5,5,5,5,5,5,89
"212","4495","Female","IGCSE (British)",3,5,5,5,5,5,5,3,5,5,5,5,5,3,5,3,5,5,5,87
"213","4344","Female","American Diploma",3,5,5,5,4,2,1,1,1,1,4,1,1,5,5,5,5,5,5,64
"214","4292BM","Male","IGCSE (British)",3,5,4,3,5,2,2,2,1,1,1,1,1,1,3,3,3,4,3,48
"215","4279","Male","IGCSE (British)",5,5,5,5,5,4,4,2,2,2,5,4,4,4,4,4,5,5,5,79
"216","4341","Male","National",3,5,3,5,5,1,1,1,3,1,5,5,5,5,3,5,5,5,5,71
"217","4279","Female","IGCSE (British)",4,5,5,5,5,4,3,4,5,4,5,4,5,5,5,5,5,5,5,88
"218","4281","Female","IGCSE (British)",5,5,4,5,5,3,2,5,5,2,5,5,5,5,3,3,4,3,4,78
"219","4245","Female","IGCSE (British)",4,5,5,5,5,3,4,1,1,1,5,3,5,4,4,5,5,5,5,75
"220","4335","Female","IGCSE (British)",4,3,5,3,4,4,3,3,3,3,5,4,5,4,4,4,3,3,3,70
"221","4326","Male","IGCSE (British)",5,5,3,5,5,1,1,1,1,1,5,1,3,1,4,4,5,5,4,60
"222","4334","Male","IGCSE (British)",1,2,3,1,1,3,2,2,3,2,2,4,3,3,3,2,4,5,5,51
"223","4370","Male","IB",1,1,1,3,2,1,1,1,3,1,4,1,3,5,2,1,2,5,4,42
"224","4360","Male","American Diploma",1,3,3,5,3,1,1,1,3,3,5,5,5,3,1,3,5,5,5,61
"225","4345","Male","National",5,5,3,5,5,1,3,1,1,1,1,1,3,1,3,1,5,5,5,55
"226","4350","Male","IB",3,5,4,3,4,3,2,3,2,2,5,3,5,3,3,3,2,4,4,63
"227","4463","Male","IGCSE (British)",5,5,3,5,5,1,1,1,1,1,1,1,3,1,NA,5,5,5,5,54
"228","4562","Female","IGCSE (British)",4,4,4,4,4,4,3,1,3,4,4,4,4,4,4,4,4,4,4,71
"229","4563","Male","IGCSE (British)",5,5,3,5,5,5,5,5,5,5,5,5,5,5,5,5,5,5,5,93
"230","4564","Male","IGCSE (British)",4,5,5,4,4,4,4,4,2,2,3,1,2,1,4,5,5,5,5,69
"231","4537","Male","IGCSE (British)",3,3,5,5,5,5,5,3,1,1,3,1,1,3,3,5,5,3,3,63
"232","4558","Male","IGCSE (British)",5,3,4,5,5,4,5,3,1,1,3,1,2,3,3,5,5,5,4,67
"233","4550","Female","IGCSE (British)",5,5,4,5,5,3,3,2,1,2,4,4,5,4,4,3,5,5,5,74
"234","4573","Female","IGCSE (British)",1,3,3,3,5,5,5,5,5,5,5,5,5,5,1,1,3,1,3,69
"235","4536","Male","IGCSE (British)",3,4,3,5,4,1,1,1,1,1,1,1,1,1,3,3,4,4,4,46
"236","4571","Female","IGCSE (British)",3,3,5,5,5,5,5,3,5,5,5,5,3,5,3,3,5,5,5,83
"237","4571","Female","IGCSE (British)",1,2,2,4,4,2,1,1,2,2,3,2,3,3,2,3,3,2,3,45
"238","4566","Male","IGCSE (British)",4,4,5,5,5,2,1,2,2,1,2,2,3,1,3,3,4,5,5,59
"239","4546","Male","IGCSE (British)",3,4,5,5,4,1,3,1,1,1,4,1,4,2,4,4,4,4,5,60
"240","4554","Female","IGCSE (British)",5,5,5,5,5,1,1,1,1,1,5,5,3,5,5,5,5,5,5,73
"241","4535","Female","IGCSE (British)",5,5,5,5,5,3,2,3,2,3,3,2,3,1,5,3,3,5,3,66
"242","4553","Male","IGCSE (British)",4,5,5,4,5,1,3,1,2,1,3,1,2,2,5,3,5,5,4,61
"243","4540","Male","IGCSE (British)",3,5,5,5,3,1,1,1,1,1,1,1,1,1,5,5,5,5,5,55
"244","4358F","Female","IGCSE (British)",5,5,4,5,5,3,3,2,3,2,4,2,3,1,4,4,5,5,5,70
"245","4572","Female","IGCSE (British)",4,5,5,5,3,1,2,1,1,1,5,1,1,1,3,2,5,5,5,56
"246","4549","Female","IGCSE (British)",4,5,4,3,4,3,2,2,4,3,3,4,3,2,3,3,5,4,5,66
"247","4568","Male","IGCSE (British)",4,4,5,5,4,1,1,1,1,1,3,1,2,3,4,4,4,5,5,58
"248","4543","Male","IGCSE (British)",5,5,5,5,5,5,4,4,4,5,5,1,5,3,5,5,5,5,5,86
"249","4569","Female","IGCSE (British)",3,5,3,3,3,1,1,1,1,1,3,1,1,1,1,1,3,3,2,38
"250","4574","Male","IGCSE (British)",5,4,4,5,4,3,3,3,4,3,2,2,5,3,4,4,4,4,4,70
"251","4560","Male","IGCSE (British)",5,5,5,5,5,4,4,1,3,1,4,1,1,1,3,4,3,5,4,64
"252","4527","Male","IGCSE (British)",3,3,3,4,5,1,1,1,1,1,1,1,2,1,1,2,2,3,4,40
"253","4548","Male","IGCSE (British)",5,5,3,5,3,3,3,1,1,1,5,3,3,3,3,2,3,3,3,58
"254","4559","Male","IGCSE (British)",4,3,5,5,4,1,1,1,1,1,3,1,4,1,5,4,5,5,5,59
"255","4531","Male","IGCSE (British)",4,4,5,5,5,2,2,2,2,2,3,3,5,3,5,5,5,5,5,72
"256","4545","Male","IGCSE (British)",4,5,5,5,5,4,3,2,2,2,3,3,3,1,5,5,5,5,5,72
"257","4533","Male","IGCSE (British)",5,5,5,4,5,2,1,1,1,1,1,1,1,1,4,4,5,4,4,55
"258","4480","Female","IGCSE (British)",3,3,3,5,5,4,5,5,5,5,5,4,4,2,4,4,5,5,5,81
"259","4358","Male","American Diploma",5,5,5,5,5,3,1,1,1,1,5,3,5,1,5,5,5,5,5,71
"260","4381","Male","American Diploma",3,5,5,5,5,3,1,1,1,3,5,5,5,5,3,4,5,4,5,73
"261","4374","Male","National",4,3,2,5,5,3,2,1,1,1,5,4,5,5,2,2,3,4,2,59
"262","4317","Male","Other?",4,4,3,4,5,3,4,5,3,4,4,3,5,4,4,3,4,5,5,76
"263","4314","Male","Other?",3,5,5,5,5,3,5,2,1,2,3,1,3,1,5,5,3,5,3,65
"264","4305","Female","National",3,2,4,3,2,3,3,2,4,3,5,4,4,3,2,2,3,3,3,58
"265","4326F","Female","National",5,5,5,5,5,3,3,5,3,2,5,4,5,5,3,3,4,5,5,80
"266","4281","Male","National",4,4,3,5,3,3,3,4,5,5,5,4,4,4,3,3,4,4,4,74
"267","4316","Female","American Diploma",5,4,3,5,2,1,1,2,1,3,1,1,3,3,3,1,3,3,4,49
"268","4372","Male","National",4,5,4,5,4,3,3,2,3,4,3,3,4,4,4,4,5,5,5,74
"269","4292R","Male","IGCSE (British)",4,4,5,5,5,2,1,3,2,1,3,2,3,2,3,3,4,4,3,59
"270","4329","Female","National",4,2,3,4,5,3,1,3,1,1,2,2,4,1,2,1,3,4,3,49
"271","4375","Female","National",1,1,1,1,1,1,1,1,2,3,5,3,3,1,4,1,1,3,1,35
"272","4310","Female","National",3,2,1,2,2,4,1,1,2,2,5,2,4,3,3,2,4,4,5,52
"273","4353","Female","National",4,5,5,5,5,4,3,3,3,4,5,4,5,4,5,5,5,5,5,84
"274","4371","Male","National",5,5,5,5,5,1,1,1,1,1,1,1,3,1,5,4,5,5,5,60
"275","4648","Male","IGCSE (British)",1,1,2,2,5,5,5,3,2,4,4,1,3,2,4,5,3,3,4,59
"276","4632","Male","IGCSE (British)",1,2,3,2,4,3,5,3,2,1,4,5,4,2,3,4,2,4,3,57
"277","4664","Female","IGCSE (British)",3,5,3,5,5,3,5,5,1,3,5,1,5,5,3,5,5,5,5,77
"278","4636","Male","IGCSE (British)",4,4,5,5,5,1,1,1,2,3,4,2,1,3,3,2,4,4,3,57
"279","4668","Male","IGCSE (British)",5,3,5,5,5,2,2,2,1,1,3,1,4,3,4,3,5,5,5,64
"280","4295","Male","IGCSE (British)",3,5,5,5,5,3,1,1,1,2,4,1,1,3,5,5,5,5,5,65
"281","4639","Female","IGCSE (British)",5,5,5,5,5,3,5,4,4,4,5,3,5,3,4,3,5,4,5,82
"282","4631","Male","IGCSE (British)",5,4,5,5,5,1,1,1,1,1,2,1,2,1,4,4,5,4,4,56
"283","4650","Female","IGCSE (British)",5,5,5,5,5,5,5,3,5,5,5,1,5,3,4,4,5,5,3,83
"284","4635","Female","IGCSE (British)",4,5,4,5,4,4,4,2,2,3,5,2,4,3,2,2,3,3,3,64
"285","4643","Male","IGCSE (British)",4,5,3,5,5,3,3,3,4,4,5,1,4,4,2,3,5,5,5,73
"286","4659","Female","IGCSE (British)",4,4,3,4,5,3,3,2,2,2,1,2,2,2,4,3,4,5,4,59
"287","4642","Female","IGCSE (British)",5,5,5,5,4,2,1,1,1,2,2,1,3,1,4,4,5,5,5,61
"288","4665","Male","IGCSE (British)",2,3,5,2,5,1,1,1,3,2,4,1,5,1,4,1,5,4,5,55
"289","4657","Female","IGCSE (British)",3,3,3,5,5,3,1,1,1,1,1,1,1,1,3,3,3,3,3,45
"290","4677","Male","IGCSE (British)",2,3,1,5,5,1,1,3,1,1,1,1,4,1,3,2,3,4,3,45
"291","4673","Male","IGCSE (British)",3,4,3,5,5,3,4,2,2,3,5,4,5,5,4,3,4,5,4,73
"292","4672","Female","IGCSE (British)",3,4,4,5,5,3,3,3,3,2,3,1,3,2,3,3,4,4,4,62
"293","4660","Female","IGCSE (British)",5,5,5,5,5,5,5,5,5,5,5,5,5,5,4,4,5,4,4,91
"294","4678","Female","IGCSE (British)",4,3,4,4,5,1,1,1,1,1,1,1,3,1,4,3,5,5,5,53
"295","4676","Female","IGCSE (British)",4,3,5,4,5,1,2,1,1,1,1,1,1,2,4,3,5,4,5,53
"296","4666","Female","IGCSE (British)",4,3,4,4,5,1,2,1,1,1,1,1,2,1,4,3,5,5,5,53
"297","4646","Female","IGCSE (British)",4,4,5,4,5,3,3,2,2,3,5,1,5,4,4,2,3,5,4,68
"298","4611","Male","IGCSE (British)",3,2,4,5,4,4,4,3,1,1,2,1,1,1,4,4,4,4,4,56
"299","4602","Female","IGCSE (British)",5,5,5,5,5,4,4,1,1,1,3,1,1,1,4,4,4,4,4,62
"300","4626","Male","IGCSE (British)",4,5,5,5,5,3,2,2,2,2,4,3,3,1,5,4,4,5,4,68
"301","4589","Female","IGCSE (British)",4,4,4,5,4,3,3,4,3,3,5,5,4,3,3,3,4,4,5,73
"302","4586","Female","IGCSE (British)",5,5,5,4,5,3,2,1,2,2,3,1,1,1,4,4,5,5,5,63
"303","4581","Female","IGCSE (British)",5,5,4,5,5,3,3,2,1,1,1,1,1,1,3,3,5,5,3,57
"304","4591","Female","IGCSE (British)",2,4,5,5,5,1,1,1,1,3,5,3,5,5,2,1,2,2,2,55
"305","4627","Female","IGCSE (British)",5,5,5,5,5,2,1,2,1,1,3,1,2,1,3,2,5,5,5,59
"306","4623","Male","IGCSE (British)",5,5,3,5,5,3,3,5,5,5,5,3,5,3,3,3,4,3,3,76
"307","4601","Female","IGCSE (British)",3,3,2,5,4,1,1,1,1,1,3,1,1,1,3,3,5,5,5,49
"308","4600","Female","IGCSE (British)",3,4,2,5,4,1,1,1,1,1,3,3,3,1,4,2,4,4,4,51
"309","4608","Female","IGCSE (British)",4,5,5,5,4,1,1,1,1,1,3,1,4,1,5,5,5,5,5,62
"310","4599","Male","IGCSE (British)",4,5,4,5,5,4,4,3,3,2,4,4,5,2,3,3,4,5,5,74
"311","4610","Female","IB",5,5,5,5,5,1,5,1,3,1,3,1,1,1,3,2,5,5,5,62
"312","4609","Male","IGCSE (British)",3,4,4,5,3,5,5,5,5,5,5,5,5,5,4,4,5,4,5,86
"313","4607","Female","IGCSE (British)",4,5,5,5,5,4,4,3,3,4,3,1,4,1,4,4,5,5,5,74
"314","4578","Female","IGCSE (British)",5,5,5,5,5,5,3,3,1,1,3,1,3,2,3,2,4,5,5,66
"315","4588","Male","IGCSE (British)",4,4,4,4,4,2,4,1,1,3,2,2,3,1,4,3,4,5,5,60
"316","4617","Female","IGCSE (British)",3,4,5,4,4,2,3,2,2,1,2,2,4,2,2,2,3,3,3,53
"317","4613","Female","IGCSE (British)",1,3,2,5,3,5,2,1,1,1,5,3,5,5,1,3,3,3,2,54
"318","4583","Female","IGCSE (British)",3,3,3,5,5,1,1,1,1,1,2,1,3,1,2,2,3,3,4,45
"319","4585","Male","IGCSE (British)",5,5,5,5,5,3,2,2,1,1,3,2,2,1,5,4,5,5,5,66
"320","4616","Male","IGCSE (British)",4,4,4,4,5,1,1,1,1,1,4,1,5,1,3,4,3,4,5,56
"321","4595","Male","IGCSE (British)",4,3,4,4,4,4,2,2,2,3,3,4,4,5,4,3,4,4,3,66
"322","4619","Male","IGCSE (British)",5,5,4,5,5,1,2,2,1,1,3,1,4,1,4,5,5,5,5,64
"323","4579","Male","IGCSE (British)",5,5,5,5,5,1,1,1,1,1,3,2,5,2,4,4,5,5,5,65
"324","4620","Female","Other?",4,4,3,5,5,2,3,3,1,2,5,5,5,2,3,3,4,4,4,67
"325","4592","Male","Other?",4,5,5,5,5,5,5,2,3,2,5,5,5,5,5,4,5,5,5,85
"326","4598","Female","IGCSE (British)",3,4,4,5,5,3,2,3,2,2,5,3,5,4,4,4,5,5,5,73
"327","4663","Female","IGCSE (British)",5,3,3,5,5,3,2,1,1,1,3,2,3,2,3,2,3,4,3,54
"328","4670","Female","IGCSE (British)",4,2,3,5,5,3,3,4,2,2,4,2,5,4,3,3,3,3,3,63
"329","4652","Male","IGCSE (British)",5,5,4,5,5,2,2,1,1,1,2,1,3,2,4,4,4,5,5,61
"330","4419","Male","IGCSE (British)",5,5,5,5,5,1,1,1,1,1,5,1,5,5,5,3,5,5,5,69
"331","4653","Male","IGCSE (British)",3,5,3,5,5,3,3,3,3,3,5,1,5,3,5,5,5,3,3,71
"332","4669","Male","IGCSE (British)",5,4,4,5,5,3,2,2,1,1,3,2,3,4,4,3,5,4,4,64
"333","4389","Female","IGCSE (British)",3,3,4,4,5,4,5,5,3,3,1,1,4,2,3,2,4,4,2,62
"334","4667","Female","IGCSE (British)",5,5,5,5,5,3,2,2,1,2,3,2,2,2,5,3,5,5,5,67
"335","4541","Male","IGCSE (British)",3,5,3,5,5,1,3,1,3,2,3,1,5,2,3,4,5,5,5,64
"336","4686","Male","IGCSE (British)",5,5,5,5,5,1,1,1,1,1,1,1,1,1,5,5,5,5,5,59
"337","4542","Female","IGCSE (British)",3,4,4,5,5,5,4,5,5,4,5,4,4,4,3,4,4,5,5,82
"338","4645","Male","IGCSE (British)",5,4,5,5,5,5,3,2,3,3,4,3,4,5,4,4,5,4,5,78
"339","4656","Female","IGCSE (British)",5,4,4,5,5,3,3,2,1,1,2,1,2,1,3,2,4,3,5,56
"340","4395","Male","IGCSE (British)",5,5,4,5,5,5,5,5,5,5,5,5,4,3,5,5,5,5,5,91
"341","4681","Male","IGCSE (British)",4,3,3,5,5,5,5,5,4,3,5,5,4,3,3,1,1,3,1,68
"342","4414","Female","IGCSE (British)",5,5,4,5,5,3,2,2,1,2,3,2,3,2,3,2,3,2,3,57
"343","4508","Male","IGCSE (British)",5,3,3,2,5,4,2,2,2,4,2,2,4,2,5,4,5,4,5,65
"344","4464","Male","IGCSE (British)",5,4,3,3,4,4,3,5,3,4,5,3,5,4,2,2,3,4,5,71
"345","4683","Male","IGCSE (British)",5,5,5,5,5,1,5,1,1,1,1,1,1,1,5,5,5,5,5,63
"346","4539","Female","IGCSE (British)",5,5,5,5,5,2,2,1,1,1,4,1,4,3,5,3,5,4,5,66
"347","4653","Female","IGCSE (British)",3,3,3,4,4,4,4,3,2,3,2,1,1,2,1,1,4,3,3,51
"348","4657","Female","IGCSE (British)",4,4,3,5,5,2,2,1,2,3,4,3,1,1,4,2,4,5,4,59
"349","4506","Female","IGCSE (British)",5,5,4,5,5,4,3,1,1,1,3,2,3,2,4,3,3,3,3,60
"350","4668","Male","IGCSE (British)",4,3,4,5,4,5,3,2,2,3,5,5,5,1,3,3,4,4,5,70
"351","4684","Female","IGCSE (British)",4,5,3,5,3,4,2,1,1,3,4,3,5,2,2,4,4,5,5,65
"352","4637","Female","IGCSE (British)",3,4,4,5,5,3,3,1,1,3,2,2,1,1,2,2,3,4,3,52
"353","4311","Male","IGCSE (British)",5,5,5,5,5,3,3,3,1,1,5,3,5,5,5,5,5,3,5,77
"354","4297","Male","Other?",3,3,4,5,5,3,3,2,2,2,5,3,5,5,4,3,3,4,4,68
"355","4707","Female","American Diploma",5,5,4,5,2,1,1,1,1,1,2,1,2,2,4,3,5,5,3,53
"356","4698","Female","American Diploma",4,5,5,4,5,5,3,5,3,2,4,4,5,4,5,5,5,5,5,83
"357","4703","Female","American Diploma",4,1,3,5,5,1,2,1,1,1,3,1,1,1,2,1,5,5,5,48
"358","4712","Female","American Diploma",5,5,5,5,5,3,3,1,1,1,1,1,1,1,3,3,5,3,5,57
"359","4702","Female","American Diploma",3,2,3,4,4,4,3,3,4,3,4,3,4,4,2,1,3,3,3,60
"360","4691","Female","American Diploma",3,5,3,4,4,4,3,5,5,2,4,1,5,4,5,4,5,5,5,76
"361","4693","Female","American Diploma",5,3,3,5,5,2,1,2,2,1,3,1,2,3,5,4,4,4,5,60
"362","4704","Female","American Diploma",3,4,4,4,5,5,5,4,4,5,5,4,5,5,5,4,5,3,5,84
"363","4736","Female","American Diploma",3,5,3,5,5,1,3,1,1,4,5,3,5,5,3,3,5,3,5,68
"364","4771","Female","American Diploma",5,5,5,5,5,1,3,1,1,1,1,1,3,5,3,5,5,5,5,65
"365","4697","Female","American Diploma",2,2,3,4,5,3,3,1,1,1,4,2,4,1,3,2,5,2,5,53
"366","4717","Female","American Diploma",5,5,5,5,5,1,1,1,1,1,1,1,1,1,4,4,5,5,5,57
"367","4723","Female","American Diploma",5,5,5,5,5,3,3,3,2,2,3,2,3,2,4,4,5,5,5,71
"368","4726","Female","American Diploma",4,2,1,3,2,5,4,4,5,4,5,4,4,4,3,1,4,3,4,66
"369","4714","Female","American Diploma",4,5,5,4,5,2,2,2,2,2,3,3,3,2,4,3,4,4,4,63
"370","4716","Female","American Diploma",5,5,5,5,5,5,5,3,3,3,5,5,3,3,3,3,5,5,5,81
"371","4718","Female","American Diploma",5,3,3,5,5,1,1,1,1,1,3,1,3,1,3,3,3,5,5,53
"372","4730","Female","American Diploma",4,5,5,5,5,3,4,4,1,1,3,3,4,4,5,5,5,5,5,76
"373","4725","Female","American Diploma",5,5,4,5,5,1,1,1,1,1,3,1,4,1,5,4,5,5,5,62
"374","4720","Female","American Diploma",5,5,5,5,5,2,1,3,1,1,4,3,5,3,5,3,5,5,5,71
"375","4728","Female","American Diploma",5,4,5,5,4,3,3,3,1,2,4,3,3,2,4,5,5,5,5,71
"376","4606","Female","American Diploma",4,3,5,5,5,4,4,4,4,4,5,5,5,5,4,5,5,5,5,86
"377","4733","Female","American Diploma",3,3,4,5,4,1,1,3,1,1,3,1,1,1,3,3,5,5,5,53
"378","4731","Female","American Diploma",5,5,5,3,5,1,1,1,1,1,1,1,1,1,5,5,5,5,5,57
"379","4727","Female","IB",5,5,4,5,5,4,4,4,4,5,5,4,4,4,5,4,4,4,4,83
"380","4729","Female","American Diploma",3,3,4,5,5,2,2,1,1,2,5,1,4,5,5,5,5,5,5,68
"381","4722","Female","IB",5,5,5,1,5,4,5,5,5,5,5,4,5,3,5,5,5,5,5,87
"382","4753","Male","American Diploma",5,4,5,5,5,3,3,3,4,4,5,4,5,4,4,5,5,5,5,83
"383","4604","Male","American Diploma",3,3,3,3,3,3,3,3,3,3,3,5,5,5,3,2,3,2,3,61
"384","4737","Male","American Diploma",4,3,5,3,4,3,3,1,3,2,4,3,2,3,4,2,3,4,4,60
"385","4746","Male","American Diploma",5,3,5,5,5,5,1,1,1,1,5,5,3,5,3,5,5,5,5,73
"386","4763","Male","American Diploma",4,4,3,5,3,4,5,5,5,5,5,5,5,5,5,5,5,5,5,88
"387","4759","Male","American Diploma",5,5,5,5,4,3,3,4,2,3,4,3,3,4,4,4,5,5,4,75
"388","4766","Male","American Diploma",5,4,4,5,4,4,2,3,1,2,4,2,3,2,4,4,5,5,5,68
"389","4768","Male","American Diploma",3,3,5,5,5,1,1,1,1,1,1,5,5,2,5,5,5,5,5,64
"390","4762","Male","American Diploma",3,3,5,5,5,5,3,3,3,1,5,3,3,3,3,5,5,3,5,71
"391","4764","Male","American Diploma",4,4,4,5,4,5,5,5,5,5,5,5,5,5,4,4,4,4,4,86
"392","4758","Male","IB",4,3,5,5,5,1,1,2,1,1,5,1,4,5,3,4,5,5,5,65
"393","4769","Male","American Diploma",5,5,5,5,5,3,5,5,5,5,5,3,3,3,5,5,5,5,5,87
"394","4754","Male","American Diploma",5,5,5,4,5,5,3,5,1,1,5,5,5,5,4,5,5,5,5,83
"395","4761","Male","American Diploma",4,5,5,5,5,3,1,1,3,2,5,3,1,2,4,5,5,5,5,69
"396","4756","Male","American Diploma",5,3,5,5,4,3,2,1,2,3,4,3,3,1,3,3,5,5,5,65
"397","4755","Male","American Diploma",5,3,4,5,5,1,2,2,3,1,5,2,5,5,2,1,5,5,3,64
"398","4710","Female","American Diploma",5,5,5,5,5,5,5,5,5,5,5,5,5,5,5,5,5,5,5,95
"399","4746","Male","National",1,5,5,5,3,3,3,4,3,3,4,4,4,3,4,4,4,4,4,70
"400","4739","Male","National",3,5,5,3,5,3,3,3,3,3,3,3,3,3,3,1,3,3,3,61
"401","4754","Male","Other?",1,2,NA,NA,NA,NA,NA,NA,NA,NA,NA,NA,NA,NA,NA,NA,NA,NA,NA,3
"402","4755","Male","National",3,5,1,3,1,5,3,3,5,1,3,5,1,3,3,5,1,3,5,59
"403","4742","Male","National",5,5,1,4,5,1,3,5,3,1,3,5,3,1,1,3,5,3,1,58
"404","4750","Male","National",1,1,1,3,1,1,5,3,3,3,5,1,3,4,5,5,3,4,3,55
"405","4754","Male","National",3,3,4,4,4,3,3,5,4,2,4,3,3,3,3,2,3,3,3,62
"406","4748","Male","National",5,5,4,5,5,5,5,5,5,5,5,5,5,5,5,5,5,5,4,93
"407","4753","Male","National",5,5,5,5,5,5,5,5,5,5,5,5,5,5,NA,NA,NA,NA,5,75
"408","4743","Female","National",5,3,1,3,4,5,4,3,4,5,5,3,2,3,3,2,5,1,5,66
"409","4760","Female","National",5,4,4,5,5,5,4,4,5,5,5,5,5,5,3,4,5,5,5,88
"410","4760","Female","National",4,5,5,5,5,4,5,4,5,4,5,3,5,5,4,5,5,4,4,86
"411","4767","Male","IB",2,1,3,4,3,1,1,1,1,1,3,3,3,2,4,3,2,3,3,44
"412","4778","Female","IB",5,5,5,5,5,5,4,5,5,5,5,5,5,5,5,4,5,5,5,93
"413","4777","Male","IB",5,5,3,5,5,1,1,1,2,2,1,1,1,2,5,5,5,5,5,60
"414","4763","Female","IB",4,3,5,5,4,2,1,1,1,1,2,1,3,4,3,3,4,3,2,52
"415","4768","Male","IB",4,5,4,5,5,3,3,3,2,2,4,3,4,3,4,3,5,5,5,72
"416","4773","Male","IB",5,5,5,5,5,4,5,5,5,5,5,3,5,3,4,4,5,5,5,88
"417","4765","Female","IB",5,5,5,5,5,5,5,5,5,5,5,5,5,5,5,5,5,5,5,95
"418","4763","Female","IB",3,5,3,4,3,3,2,2,2,4,4,5,5,3,2,2,3,2,3,60
"419","4770","Female","IB",5,4,5,5,5,3,2,2,1,3,2,1,2,3,5,5,4,5,4,66
"420","4775","Female","IB",5,5,5,5,5,3,1,1,1,1,3,3,1,1,4,3,5,5,4,61
"421","4769","Male","IB",5,5,4,5,5,5,5,3,4,3,5,1,4,4,4,4,5,4,4,79
"422","4771","Female","IB",5,4,5,5,5,5,5,5,5,5,4,1,5,5,2,1,3,3,2,75
"423","4740","Male","National",5,5,5,5,5,5,5,3,3,3,5,5,5,5,3,3,3,3,5,81
"424","4824","Male","IB",2,3,5,5,4,2,3,3,NA,2,4,4,3,4,4,3,5,5,5,66
"425","4816","Male","IB",4,4,4,4,4,4,4,5,5,5,5,5,5,5,3,3,3,3,3,78
"426","4820","Male","IB",5,5,3,4,3,2,5,3,2,2,3,2,2,3,3,3,4,4,5,63
"427","4817","Male","IB",5,5,5,5,5,1,1,1,1,1,1,1,1,1,5,5,5,5,5,59
"428","4824","Male","IB",4,5,5,5,3,5,5,4,3,3,5,5,5,5,4,4,4,5,4,83
"429","4815","Male","IB",5,5,5,5,5,3,2,4,4,4,5,4,5,5,5,5,5,5,5,86
"430","4825","Male","IB",5,5,5,5,5,1,1,1,1,1,4,1,5,3,4,4,4,4,4,63
"431","4819","Male","IB",5,5,4,5,5,4,3,3,4,3,5,2,5,5,5,5,4,5,5,82
"432","4822","Female","IB",5,5,5,5,5,3,3,1,1,3,4,3,3,3,4,4,5,4,5,71
"433","4821","Female","IB",5,5,5,5,4,5,4,4,5,4,4,4,4,4,4,3,4,5,5,83
"434","4818","Male","IB",5,5,5,5,5,3,3,2,4,5,5,1,4,2,4,4,5,5,5,77
"435","4781","Male","IB",3,3,4,4,3,1,1,1,1,1,2,2,1,1,4,3,5,4,5,49
"436","4789","Male","IB",5,5,5,5,5,4,1,3,3,3,5,1,5,3,4,4,5,5,4,75
"437","4782","Female","IB",4,4,3,3,5,3,3,2,3,3,3,1,3,3,4,3,5,5,4,64
"438","4786","Male","IB",5,4,3,5,5,4,4,2,3,3,3,3,4,3,3,2,3,4,4,67
"439","4783","Male","IB",4,3,3,2,3,1,4,1,1,1,5,2,4,5,4,2,5,5,5,60
"440","4787","Female","IB",3,3,3,5,4,2,2,1,1,1,3,2,3,2,2,2,3,3,3,48
"441","4785","Male","IB",5,5,5,5,5,1,1,1,1,1,5,1,1,1,3,3,5,5,5,59
"442","4780","Female","IB",3,4,3,5,4,1,2,1,1,1,2,1,2,1,3,3,4,4,5,50
"443","4788","Male","IB",5,5,5,5,5,1,1,1,1,1,1,5,1,1,5,5,5,5,4,62
"444","4784","Male","IB",3,4,2,5,5,2,1,1,1,1,3,2,4,2,2,1,4,5,4,52
"445","4779","Male","IB",5,5,4,5,5,2,3,5,1,2,1,3,5,1,5,5,4,5,3,69
"446","4756","Male","National",1,5,1,2,5,1,5,5,3,1,5,5,5,1,1,3,5,1,1,56
"447","4795","Male","IB",4,3,2,3,4,1,1,2,1,1,4,4,4,1,3,2,4,4,4,52
"448","4805","Male","IB",3,3,3,4,3,1,1,1,1,1,4,2,1,1,2,2,1,3,2,39
"449","4799","Male","IB",2,3,3,4,2,5,4,2,3,3,3,4,2,3,1,5,2,2,3,56
"450","4796","Female","IB",4,5,5,5,5,4,5,3,3,3,4,3,4,3,3,4,4,4,3,74
"451","4791","Male","IB",NA,NA,NA,NA,NA,NA,NA,NA,NA,NA,NA,NA,NA,NA,NA,NA,NA,NA,NA,0
"452","4808","Male","IB",3,4,4,4,3,3,2,1,2,2,3,1,2,2,3,3,2,3,3,50
"453","4806","Male","IB",4,3,4,4,4,2,3,1,1,1,3,1,1,1,3,2,4,3,3,48
"454","4793","Female","IB",3,3,5,4,5,5,1,1,3,2,4,4,1,1,1,1,5,5,3,57
"455","4809","Male","IB",4,5,3,5,3,1,1,1,1,1,3,2,4,2,3,4,4,3,3,53
"456","4807","Male","IB",4,4,5,4,5,4,5,4,4,4,5,4,4,4,4,5,4,4,5,82
"457","4800","Male","IB",4,5,5,5,5,1,1,1,1,1,3,4,5,5,4,4,4,5,5,68
"458","4812","Female","IB",3,4,3,4,4,3,3,2,2,2,3,3,3,3,3,3,3,4,3,58
"459","4810","Female","IB",3,5,4,5,4,5,4,1,2,3,4,3,5,3,4,3,5,4,5,72
"460","4803","Female","IB",3,3,3,3,3,3,2,2,2,2,2,2,2,2,2,1,3,3,3,46
"461","4802","Female","IB",5,3,2,5,2,1,1,1,1,1,1,1,1,1,3,4,2,3,3,41
"462","4813","Male","IB",3,2,4,5,5,3,5,3,2,2,3,4,5,1,4,3,5,5,5,69
"463","4801","Female","IB",5,5,5,5,5,2,1,1,1,1,4,1,4,1,3,2,4,5,4,59
"464","4836","Male","IB",5,4,3,5,5,2,2,2,2,2,4,2,1,2,5,5,4,5,4,64
"465","4832","Female","IB",5,5,3,5,5,5,5,5,5,5,5,5,5,5,3,4,3,4,4,86
"466","4838","Male","IB",3,2,4,4,4,2,1,2,2,2,5,1,2,2,3,2,3,3,3,50
"467","4833","Male","IB",3,5,3,5,5,3,3,3,1,1,5,1,5,3,3,3,3,3,3,61
"468","4828","Male","IB",3,3,3,4,5,3,3,1,1,1,3,1,2,3,3,3,3,3,3,51
"469","4831","Female","IB",5,4,4,5,5,2,1,1,1,1,1,1,1,1,5,4,5,5,5,57
"470","4834","Male","IB",4,5,3,4,4,3,2,3,3,3,3,1,4,3,3,3,4,5,5,65
"471","4835","Female","IB",3,3,2,4,4,2,2,2,2,1,2,1,2,1,3,3,4,4,4,49
"472","4826","Male","IB",5,5,5,5,5,1,3,1,1,1,3,1,5,1,4,4,5,5,5,65
"473","4827","Male","IB",3,2,2,5,4,3,2,2,2,3,4,3,4,2,2,2,4,3,3,55
"474","4829","Female","IB",3,5,4,5,5,1,1,1,1,1,1,1,1,1,4,3,5,5,4,52
"475","4837","Male","IB",3,3,3,4,3,2,1,3,4,4,3,1,4,3,4,3,5,5,5,63
"476","4830","Male","IB",2,2,2,1,1,2,3,3,4,4,1,2,2,2,2,2,2,2,3,42
"477","4846","Male","IB",4,3,4,5,5,1,1,1,1,1,4,1,3,2,5,5,5,5,5,61
"478","4847","Male","IB",3,4,5,4,5,5,5,3,5,5,5,5,5,3,5,4,5,5,5,86
"479","4855","Male","IB",3,5,1,5,4,1,4,3,1,1,1,1,1,1,4,3,4,5,3,51
"480","4850","Male","IB",2,3,2,4,5,2,1,2,2,1,3,2,4,3,2,2,3,3,3,49
"481","4581","Male","IB",5,4,3,2,2,1,1,1,1,1,1,1,1,1,3,4,4,5,4,45
"482","4849","Male","IB",3,5,3,5,5,3,4,2,1,1,3,3,4,3,3,2,5,5,5,65
"483","4845","Female","IB",4,4,4,4,5,3,2,2,3,3,5,2,5,5,4,4,3,5,5,72
"484","4848","Female","IB",4,5,4,5,5,4,4,4,4,5,5,3,5,5,5,5,5,5,5,87
"485","4839","Female","IB",2,1,3,4,2,3,4,2,1,3,5,3,4,5,2,3,4,3,2,56
"486","4857","Female","IB",5,4,5,5,5,3,5,3,3,3,4,3,4,1,4,4,5,5,4,75
"487","4856","Male","IB",2,3,4,3,2,3,3,2,1,1,3,2,2,4,3,2,4,3,3,50
"488","4842","Male","IB",5,3,5,5,5,1,1,1,1,4,3,3,5,1,5,3,4,5,4,64
"489","4852","Female","IB",3,5,4,3,1,1,1,1,1,1,3,1,5,4,2,3,3,2,3,47
"490","4752","Male","Other?",5,5,5,5,3,5,3,5,3,3,5,3,5,3,3,3,2,3,3,72
"491","4859","Male","IB",3,2,1,5,2,1,1,1,1,1,5,1,1,1,5,5,5,5,5,51
"492","4871","Female","IB",4,5,3,5,5,5,5,5,5,5,5,5,5,4,4,2,4,5,5,86
"493","4873","Male","IB",5,5,3,3,5,1,1,1,1,1,1,1,2,3,3,1,3,5,2,47
"494","4858","Male","IB",5,3,3,5,5,4,5,1,3,1,5,3,5,4,3,4,5,NA,5,69
"495","4874","Male","IB",4,5,5,3,3,3,2,3,2,3,4,1,4,2,4,4,4,4,3,63
"496","4863","Female","IB",4,5,5,4,4,1,1,1,1,1,1,1,1,1,4,3,4,5,5,52
"497","4864","Female","IB",3,5,5,5,5,1,1,1,1,1,1,1,1,1,3,3,5,5,5,53
"498","4860","Male","IB",4,5,4,4,5,3,3,3,2,2,3,2,4,4,4,3,5,4,4,68
"499","4866","Male","IB",3,4,4,5,5,3,1,2,1,1,3,1,1,2,3,4,4,3,4,54
"500","4869","Male","IB",5,3,5,5,4,2,1,1,2,3,3,1,1,3,4,4,5,5,5,62
"501","4862","Female","IB",3,3,5,5,4,1,1,1,1,1,1,1,2,1,4,5,5,5,5,54
"502","4870","Male","IB",4,4,3,5,3,5,4,3,4,4,5,2,1,5,3,4,5,4,3,71
"503","4868","Female","IB",5,5,5,5,5,1,1,1,1,1,3,1,2,1,4,3,4,4,5,57
"504","4861","Female","IB",4,5,4,5,5,2,2,2,2,2,4,3,4,4,3,3,4,3,3,64
"505","4892","Male","IGCSE (British)",3,5,3,5,5,1,1,1,1,5,3,1,4,1,3,2,4,5,5,58
"506","4891","Male","IGCSE (British)",5,3,4,3,5,4,2,1,1,3,4,2,3,1,3,4,5,4,4,61
"507","4899","Female","IGCSE (British)",3,4,5,5,5,2,2,1,1,1,2,1,2,1,4,4,4,4,5,56
"508","4898","Female","IGCSE (British)",3,3,1,5,3,3,1,3,3,1,5,3,1,1,1,1,3,5,5,51
"509","4879","Female","IGCSE (British)",5,5,3,5,5,3,1,1,2,1,3,4,5,5,2,3,5,5,5,68
"510","4883","Female","IB",3,4,2,5,4,3,1,1,1,3,3,2,4,2,3,3,4,4,4,56
"511","4919","Female","IGCSE (British)",3,3,2,4,3,4,2,4,3,3,4,4,5,5,3,3,3,4,4,66
"512","4879","Male","IGCSE (British)",5,5,5,5,5,1,1,3,3,3,5,5,5,5,5,5,5,5,5,81
"513","4913","Male","IGCSE (British)",4,5,4,3,4,1,1,2,1,5,3,2,4,3,4,3,5,5,3,62
"514","4897","Male","IGCSE (British)",5,5,5,3,3,1,1,1,1,1,1,1,1,2,3,3,3,4,5,49
"515","4911","Female","IGCSE (British)",3,5,3,5,5,1,1,1,1,1,2,1,1,1,3,4,4,5,5,52
"516","4904","Male","IGCSE (British)",5,5,4,5,4,1,1,1,1,2,3,1,3,1,4,4,5,5,5,60
"517","4895","Male","IGCSE (British)",4,3,5,5,3,3,1,1,1,4,5,2,1,4,4,5,4,3,2,60
"518","4910","Female","IGCSE (British)",4,5,3,5,4,1,1,1,1,1,2,1,3,2,3,2,3,3,3,48
"519","4901","Female","IGCSE (British)",4,3,2,4,4,2,2,2,1,2,4,2,2,2,3,3,4,4,3,53
"520","4884","Female","IGCSE (British)",5,5,5,5,5,5,3,5,5,3,5,3,3,5,3,3,3,3,3,77
"521","4898","Female","IGCSE (British)",3,4,2,5,5,2,2,3,3,3,4,4,5,5,5,5,5,5,5,75
"522","4917","Male","IGCSE (British)",5,5,4,5,4,1,3,1,1,1,1,2,4,4,3,3,5,5,5,62
"523","4924","Male","IGCSE (British)",4,5,2,5,2,1,1,1,2,2,4,2,5,3,3,2,3,3,3,53
"524","4908","Female","IGCSE (British)",4,4,5,5,4,2,1,1,1,1,3,1,1,1,4,5,5,4,4,56
"525","4900","Male","IGCSE (British)",4,3,4,5,4,4,3,2,3,4,5,3,5,3,4,3,4,5,5,73
"526","4922","Female","IGCSE (British)",5,5,3,5,5,3,3,5,3,1,5,4,5,3,4,4,5,5,4,77
"527","4906","Female","IGCSE (British)",5,5,4,5,5,5,4,4,4,5,5,5,5,5,4,5,5,5,5,90
"528","4899","Female","IGCSE (British)",3,5,3,3,5,3,1,1,1,3,3,1,3,3,3,3,3,5,5,57
"529","4885","Female","IGCSE (British)",4,5,5,5,4,3,3,4,4,5,5,1,4,3,4,5,5,5,5,79
"530","4914","Female","IGCSE (British)",3,5,5,5,5,2,3,3,4,4,5,1,4,5,3,2,4,5,4,72
"531","4921","Female","IGCSE (British)",4,5,5,4,3,5,4,2,3,3,4,1,5,4,4,3,3,4,5,71
"532","4903","Female","IGCSE (British)",4,5,3,4,5,2,2,2,1,2,3,2,3,2,4,3,4,5,4,60
"533","4902","Female","IGCSE (British)",5,3,1,5,5,3,1,1,3,3,5,1,5,5,5,5,3,3,5,67
"534","4909","Female","IGCSE (British)",5,4,3,3,4,3,2,3,2,2,4,1,4,3,4,2,5,5,4,63
"535","4912","Female","IGCSE (British)",4,5,3,5,5,3,4,3,3,3,4,1,4,4,3,5,5,5,5,74
"536","4926","Female","IGCSE (British)",4,4,3,3,3,3,3,2,2,2,5,2,3,2,2,2,3,3,4,55
"537","4886","Female","IGCSE (British)",3,5,5,5,5,2,3,2,1,1,3,1,2,2,5,5,5,5,3,63
"538","4907","Male","IGCSE (British)",3,3,2,4,3,1,1,1,1,3,5,5,5,5,4,3,5,4,5,63
"539","4888","Female","IGCSE (British)",1,3,5,5,5,3,5,1,5,5,5,1,5,5,5,5,5,5,5,79
"540","4896","Female","IGCSE (British)",5,5,3,5,4,3,3,1,1,3,5,5,3,2,2,2,3,4,3,62
"541","4927","Female","IGCSE (British)",3,3,2,5,5,1,1,2,3,2,4,1,3,3,2,3,2,3,2,50
"542","4878","Female","IGCSE (British)",5,5,5,5,5,2,2,2,1,1,4,3,4,3,5,4,5,4,5,70
"543","4923","Male","IGCSE (British)",5,5,5,5,3,5,5,5,5,5,4,5,5,5,5,3,5,5,5,90
"544","4880","Male","IGCSE (British)",3,5,3,4,3,3,1,1,1,1,1,1,1,1,5,5,5,5,5,54
"545","4920","Female","IGCSE (British)",3,5,5,5,5,3,4,4,3,5,5,5,5,5,5,5,5,5,5,87
"546","4887","Male","IGCSE (British)",3,4,4,3,2,3,3,4,4,4,3,3,4,3,5,4,3,3,4,66
