ID,Group,Q08,Q09,Q10,Q11,Q12,Q13,Q14,Q15,Q16,Q17,Q18,Q19,Q20,Q21,Q22,Q24
4219,Pre,1,1,1,0,1,1,1,0,0,1,0,0,1,0.5,1,0
4224,Pre,NA,NA,1,NA,1,NA,1,NA,NA,NA,NA,NA,0.5,0,0,0
4229,Pre,1,0,0,1,1,0,1,1,0,1,0,0,1,0,1,1
4230,Pre,0,0.5,NA,1,1,1,1,1,1,1,NA,0,0,NA,NA,1
4232,Pre,1,0,1,0,1,1,1,1,0,0,0,1,1,0,0,0
4235,Pre,NA,NA,NA,0,NA,NA,0,1,NA,NA,NA,1,1,1,NA,NA
4236,Pre,0,0,1,1,0,1,0,1,0,0,1,0,0,1,1,0
4240,Pre,1,1,0,0,NA,0,1,0,0,NA,NA,NA,NA,NA,0,0
4241,Pre,1,0,1,0,1,1,1,1,0,1,1,1,1,1,1,0
4242,Pre,1,1,1,0,1,1,0,1,0,1,0,0,0.5,1,1,0
4243,Pre,1,0,1,1,1,1,1,1,1,1,1,1,1,1,1,0
4244,Pre,1,0,0,0,1,0,1,1,0,0,1,0,0,1,0,0
4245,Pre,1,1,1,1,1,1,0,1,1,1,1,1,1,1,1,1
4246,Pre,1,1,0,1,1,1,1,1,1,1,1,1,1,0,1,0
4247,Pre,1,0,0,0,1,0,1,1,0,1,1,1,0.5,0,1,0
4248,Pre,1,1,0,0,1,1,1,NA,0,1,1,1,0.5,0.5,1,1
4249,Pre,1,0,0,1,1,1,1,1,1,1,1,1,0.5,1,1,0
4251,Pre,0,0.5,NA,0,1,0,0,1,0,0,0,0,0,0,0,NA
4254,Pre,1,0.5,NA,0,0,1,0.5,NA,0,1,0,0,0,0,NA,0
4257,Pre,0,0,0,0,0,1,0,1,1,0,1,1,0,0,1,0
4258,Pre,1,1,1,0,1,1,0,1,0,1,1,1,0.5,1,1,0
4259,Pre,0,1,1,0,1,0,1,0,0,1,0,0,1,1,1,0
4260,Pre,1,0,0,0,1,0,0,1,0,1,1,1,1,0.5,1,1
4261,Pre,1,1,1,1,1,1,1,1,1,1,1,1,1,1,1,1
4264,Pre,1,0.5,NA,1,1,1,0,1,1,1,1,1,1,1,1,1
4267,Pre,1,0.5,NA,0,1,0,1,1,0,1,1,1,1,0.5,1,0
4268,Pre,1,0,1,1,1,1,0.5,NA,1,1,1,1,0,0,1,1
4269,Pre,1,1,1,0,1,0,1,0,0,1,0,0,0,0.5,1,0
4271,Pre,1,1,0,1,1,1,0,1,1,1,1,1,1,1,1,0
4272,Pre,1,0,1,1,1,1,0,1,1,1,1,1,1,1,NA,1
4273,Pre,1,1,0,1,1,1,0,1,1,1,1,1,1,1,1,1
4275,Pre,1,1,1,1,0,1,1,1,1,1,1,1,1,1,1,0
4276,Pre,1,1,1,1,1,1,0,1,1,1,1,1,1,1,1,1
4277,Pre,1,1,0,0,1,0,0,1,0,1,0,1,1,0.5,1,0
4278,Pre,0,1,1,1,1,1,1,1,NA,0,1,1,1,0.5,1,0
4279,Pre,1,1,0,1,1,1,1,1,1,1,1,1,1,1,1,0
4279F,Pre,1,1,0,0,1,1,0,1,0,1,1,1,1,0,1,0
4281,Pre,1,1,1,1,1,1,0,1,1,1,1,1,1,1,1,1
4281F,Pre,1,0.5,NA,0,1,0,1,1,0,1,1,1,0,1,NA,1
4283,Pre,1,1,1,0,1,0,1,0,0,0,0,0,0,0,0,1
4284,Pre,1,0,0,0,1,0,0,1,0,1,1,0,1,0,1,0
4285,Pre,1,1,1,1,1,1,0.5,NA,1,1,1,1,0.5,0.5,1,1
4286,Pre,0,0.5,NA,1,1,1,0,1,1,1,1,1,1,1,1,0
4287,Pre,1,0,0,0,1,0,1,1,0,1,0,0,0,0,1,1
4288,Pre,1,1,0,1,0,1,0,1,1,1,1,0,1,1,1,1
4289,Pre,1,1,0,0,1,0,1,0,0,1,0,0,0.5,0.5,0,0
4290,Pre,1,1,1,1,1,1,0,1,1,0,1,1,1,1,1,1
4291,Pre,0,1,1,1,0,1,1,0,1,0,1,0,1,0,1,1
4293,Pre,1,0.5,NA,1,0,1,0,0,0,0,0,0,0.5,1,1,0
4293F,Pre,1,0,1,0,1,0,1,0,0,1,0,0,1,0,0,0
4294,Pre,1,0.5,NA,0,0,0,1,0,0,0,0,0,0,0,1,0
4294F,Pre,1,0,1,0,1,0,1,1,0,1,0,0,1,1,1,0
4295,Pre,1,0,1,1,1,0,0,1,1,1,1,1,0.5,1,1,1
4297,Pre,1,0,0,0,0,0,1,1,0,1,0,0,0,0.5,0,1
4299,Pre,NA,NA,NA,NA,1,NA,1,0,0,1,0,0,0.5,0.5,0,0
4300,Pre,0,0.5,NA,0,1,0,1,0,0,1,0,0,0.5,0,1,0
4301,Pre,1,1,1,0,1,0,1,1,0,1,0,1,0,1,1,0
4302,Pre,0,0.5,NA,0,1,0,1,0,0,1,0,0,0.5,0,NA,0
4304,Pre,0,0,1,1,1,1,1,0,1,1,0,1,0,0,1,0
4305,Pre,1,0,0,0,1,0,1,1,0,1,0,0,0,0,1,1
4309,Pre,1,1,1,0,1,0,0,1,0,1,0,NA,0.5,0.5,1,1
4310,Pre,0,0,1,0,1,0,1,1,0,1,0,1,0,0,1,0
4313,Pre,1,1,0,1,0,1,0,1,0,1,0,0,0,1,1,1
4314,Pre,1,1,0,1,0,0,0,0,0,0,1,0,0.5,0.5,1,1
4315,Pre,1,0.5,NA,1,1,1,1,1,0,1,1,1,1,1,1,0
4316,Pre,1,0,0,0,0,0,1,1,1,0,1,0,1,1,1,0
4318,Pre,0,1,0,0,0,0,1,1,0,0,1,0,1,1,1,0
4319,Pre,1,0.5,NA,0,1,0,1,0,0,1,0,1,0.5,1,0,1
4321,Pre,1,0.5,NA,0,1,0,1,1,0,1,0,1,0.5,0,NA,0
4322,Pre,1,0.5,NA,0,1,0,1,0,0,1,0,0,1,0,0,0
4324,Pre,1,1,1,1,1,1,1,1,1,1,1,1,0.5,1,1,1
4326,Pre,1,0.5,NA,1,0,0,0,1,0,0,0,0,1,0.5,0,0
4327,Pre,1,0,1,1,1,1,0,0,1,1,1,1,1,1,1,0
4328,Pre,1,0,1,1,1,1,0,1,1,1,1,1,1,1,1,1
4334,Pre,0,1,0,0,1,1,0,1,1,1,0,0,1,1,1,1
4335,Pre,1,1,1,1,0,0,0,1,0,1,1,1,0.5,0.5,1,1
4339,Pre,1,0,0,1,1,0,0,1,0,1,0,0,0,0,1,1
4341,Pre,1,1,1,0,1,0,0,1,0,1,1,1,1,1,1,0
4342,Pre,1,1,1,1,1,1,0.5,NA,1,1,1,1,1,1,1,1
4343,Pre,1,0.5,NA,0,1,0,0.5,NA,0,1,0,0,0,0,1,0
4344,Pre,1,1,0,1,1,1,1,1,1,1,1,1,1,1,1,0
4347,Pre,1,1,1,1,1,0,0,1,0,1,1,1,1,1,1,1
4348,Pre,1,1,0,0,1,0,1,1,0,1,0,0,1,0,1,1
4350,Pre,0,0,1,0,0,1,0,1,1,1,1,1,1,1,1,0
4352,Pre,1,0,1,1,1,1,0,1,1,1,1,1,1,1,1,1
4353,Pre,1,0,1,0,1,0,1,1,0,1,1,1,0,0,1,1
4355,Pre,1,1,1,1,1,1,0,1,1,1,1,1,1,0.5,1,1
4356,Pre,1,1,0,0,1,0,0,1,0,1,1,1,1,1,1,0
4357,Pre,1,1,1,0,0,0,1,1,0,0,0,1,0,0,1,1
4359,Pre,1,1,1,1,1,1,0,1,1,1,1,1,1,1,1,1
4360,Pre,1,0.5,NA,0,1,1,1,1,0,0,0,1,1,1,1,0
4362,Pre,1,0.5,NA,0,1,0,0,1,0,1,1,1,1,0.5,1,1
4363,Pre,1,1,1,1,1,1,0,1,1,1,1,1,1,1,1,1
4364,Pre,1,1,1,1,1,1,1,1,1,1,1,1,1,1,1,1
4367,Pre,1,1,1,1,1,1,0,1,1,1,1,1,1,1,1,1
4371,Pre,1,0.5,NA,1,1,0,0,1,0,0,1,0,1,1,1,1
4372,Pre,1,0,0,0,1,0,0,0,0,1,0,0,1,1,1,0
4373,Pre,1,1,1,1,1,1,1,1,1,0,1,1,1,1,1,0
4374,Pre,1,0,1,1,1,1,0,1,0,1,1,1,1,1,1,1
4376,Pre,1,0,1,0,1,0,0,1,0,1,0,0,1,1,1,1
4379,Pre,1,1,0,0,1,0,1,0,0,1,1,1,1,0,0,0
4380,Pre,1,1,0,0,1,0,0,1,0,1,0,0,0,0,1,0
4382,Pre,1,0.5,NA,0,0,0,1,1,0,1,0,0,1,0,1,0
4383,Pre,1,1,0,1,0,0,1,0,0,1,0,1,0,0.5,1,0
4384,Pre,1,0,1,1,0,1,1,1,0,0,1,0,1,0,1,0
4390,Pre,0,1,0,1,0,1,1,1,0,1,1,1,1,1,1,1
4391,Pre,1,0.5,NA,1,1,0,1,1,0,0,0,0,0.5,0,1,1
4394,Pre,1,0,1,1,1,1,0,1,1,1,1,1,0,0,1,1
4396,Pre,1,1,1,0,1,0,1,1,0,0,0,0,0,0,1,1
4397,Pre,1,0.5,NA,0,0,0,0,1,0,0,0,0,1,1,1,0
4400,Pre,1,0,1,0,0,0,0.5,NA,0,0,1,0,0.5,0.5,1,0
4404,Pre,0,1,1,0,1,0,0,1,0,1,0,0,1,1,1,1
4406,Pre,1,1,1,0,0,1,1,0,0,1,0,0,1,1,1,0
4407,Pre,1,0.5,NA,0,0,0,1,1,1,1,1,1,0,0,0,0
4408,Pre,1,0.5,NA,0,0,0,0.5,NA,0,0,0,0,1,0.5,0,1
4410,Pre,1,1,1,1,0,1,0.5,NA,1,0,1,1,1,0,1,0
4411,Pre,0,1,1,1,0,1,0.5,NA,1,0,1,0,1,0,1,0
4413,Pre,0,1,1,1,1,1,0.5,NA,1,1,1,1,1,0.5,1,1
4419,Pre,1,0,0,1,0,0,1,0,0,0,0,1,0,0,1,0
4421,Pre,NA,NA,NA,0,1,NA,1,NA,NA,NA,NA,NA,NA,NA,NA,0
4423,Pre,0,0,1,1,1,1,0,1,1,1,1,1,1,1,1,1
4426,Pre,1,0,0,0,0,0,1,1,0,1,1,1,1,0,1,1
4428,Pre,1,1,1,1,1,1,0,1,1,1,1,1,1,1,1,1
4429,Pre,1,1,1,0,1,0,1,0,0,1,1,1,0,0,1,0
4430,Pre,1,0,1,0,1,0,0,1,0,1,1,1,1,1,1,1
4431,Pre,1,0,1,0,1,1,0,1,0,1,0,1,1,0.5,1,1
4432,Pre,1,0,1,1,0,1,0,1,1,0,1,0,0.5,0.5,1,1
4433,Pre,1,1,0,1,1,1,0,1,1,1,1,1,1,1,1,0
4435,Pre,0,1,1,1,0,1,0,1,1,1,1,1,1,1,1,0
4436,Pre,1,1,1,0,1,1,1,1,0,1,1,1,1,0,1,1
4437,Pre,1,0.5,NA,0,1,0,1,1,0,1,0,0,0,1,1,1
4440,Pre,1,1,1,0,0,0,0,1,0,1,0,0,1,0,1,1
4447,Pre,1,0,1,0,1,0,0,1,0,1,1,1,1,1,1,1
4448,Pre,0,1,1,1,1,1,0,1,1,1,1,1,1,1,1,1
4449,Pre,1,0,1,0,1,0,1,1,0,0,1,1,0,0,1,1
4450,Pre,1,0,1,1,0,1,0,1,0,1,1,1,1,1,1,1
4451,Pre,1,0,0,1,1,0,0,1,1,1,1,1,0.5,0.5,1,0
4452,Pre,0,1,0,1,0,1,1,1,1,1,1,1,1,1,1,0
4453,Pre,0,0.5,NA,0,1,0,0,1,0,1,1,1,0.5,0.5,1,0
4454,Pre,1,1,0,0,0,0,1,0,0,1,0,0,0,0.5,1,0
4455,Pre,1,1,0,0,0,0,0.5,NA,0,1,1,1,1,0,1,1
4456,Pre,1,1,1,0,1,0,1,0,0,1,0,0,1,1,1,0
4457,Pre,1,1,1,0,1,0,1,0,0,1,0,0,0,1,NA,0
4458,Pre,1,1,0,1,0,1,0,1,1,1,1,1,1,1,1,1
4459,Pre,1,1,1,1,1,0,0,1,0,1,0,0,0,0,1,1
4460,Pre,1,1,0,0,1,0,1,0,0,0,0,0,0,0,0,0
4461,Pre,1,0,1,1,1,1,0,1,1,1,1,1,1,1,1,1
4465,Pre,0,0,1,1,1,0,1,1,0,0,1,0,1,1,1,0
4467,Pre,1,1,1,0,1,0,1,0,0,1,0,0,0,0,NA,0
4476,Pre,1,0,1,1,1,0,1,0,0,1,0,0,0,0,NA,1
4478,Pre,0,1,1,0,0,0,0,1,0,1,0,1,0.5,1,0,0
4479,Pre,1,1,1,0,0,0,0,1,0,0,1,0,0,0,1,1
4482,Pre,1,0,1,0,1,0,1,0,0,0,1,0,1,0.5,1,1
4485,Pre,1,0.5,NA,0,1,0,1,0,0,1,0,0,1,0.5,1,0
4488,Pre,0,1,0,0,1,0,0,1,0,1,0,0,1,0.5,0,0
4490,Pre,0,0.5,NA,0,0,0,1,1,0,0,1,0,0.5,0,0,0
4492,Pre,1,0.5,NA,0,0,1,0.5,NA,0,1,0,0,0.5,0.5,1,0
4494,Pre,1,1,0,1,1,1,1,1,1,1,1,1,1,1,1,0
4495,Pre,1,0.5,NA,0,1,0,1,1,0,1,0,0,1,0,1,0
4498,Pre,1,1,1,0,0,0,0,0,0,1,0,0,0.5,0,1,0
4499,Pre,1,0,0,0,1,1,0,1,0,1,0,0,0.5,0,1,0
4500,Pre,1,1,0,1,1,1,0.5,NA,1,1,1,1,1,1,1,1
4501,Pre,0,0.5,NA,0,1,0,1,0,0,1,0,1,0.5,0,1,0
4502,Pre,1,0.5,NA,0,1,0,0.5,NA,0,1,1,1,1,0.5,1,1
4503,Pre,1,0.5,NA,0,1,0,1,1,0,1,0,1,0.5,0,0,0
4505,Pre,0,1,1,0,1,0,0,1,0,1,0,0,1,0,1,0
4507,Pre,1,0,1,0,1,0,0,1,0,1,0,0,1,1,0,0
4509,Pre,0,0.5,NA,0,1,0,0.5,NA,0,1,0,0,0.5,0.5,1,0
4513,Pre,0,0.5,NA,0,0,0,1,0,0,0,0,1,0.5,0.5,0,0
4514,Pre,1,0,0,0,1,0,1,0,0,1,0,0,1,1,1,0
4515,Pre,1,0.5,NA,0,1,0,0,0,0,0,0,0,0.5,0.5,1,0
4517,Pre,1,1,1,1,1,1,0.5,NA,1,1,1,1,1,1,1,1
4518,Pre,1,0.5,NA,0,1,0,0.5,NA,0,1,0,0,0.5,1,1,1
4524,Pre,0,1,1,0,1,0,0,1,0,1,0,0,1,1,1,1
4531,Pre,0,1,0,0,0,1,1,0,0,1,0,1,0,0,1,0
4533,Pre,1,0,1,0,1,0,0,1,0,1,0,0,1,0,NA,1
4535,Pre,1,0.5,NA,1,0,1,1,0,0,1,0,1,0.5,0,1,0
4536,Pre,1,0.5,NA,1,1,0,0,0,1,1,0,1,0.5,1,1,0
4537,Pre,1,1,1,0,1,0,1,1,0,1,1,1,0,1,1,0
4540,Pre,0,1,0,1,0,0,0,1,1,1,1,1,1,1,1,1
4543,Pre,1,1,1,0,1,0,1,1,0,1,0,0,1,0,1,0
4545,Pre,1,1,0,0,0,0,0,0,0,0,0,0,1,1,1,0
4546,Pre,1,0,1,1,1,1,0,1,1,1,1,1,1,1,1,1
4549,Pre,0,0,0,0,1,1,1,0,0,0,1,1,0,0,0,1
4550,Pre,1,0,1,1,0,0,1,0,0,1,0,1,1,1,1,0
4558,Pre,0,0.5,NA,0,1,0,1,0,0,0,0,1,0.5,1,1,1
4559,Pre,1,0,1,0,0,0,1,0,0,1,0,0,0,0,0,1
4562,Pre,1,1,0,0,1,1,1,0,0,1,0,1,0,0,1,0
4564,Pre,1,1,1,0,1,1,0,1,1,1,0,1,1,1,1,0
4566,Pre,1,0,1,1,0,0,1,1,1,0,1,0,1,1,1,0
4568,Pre,1,0,1,0,0,0,0,1,0,0,0,1,1,0.5,1,0
45710,Pre,1,0.5,NA,0,0,0,1,1,0,1,0,0,0,0,1,0
45719,Pre,0,0.5,NA,0,1,0,1,0,0,1,1,1,0,0,NA,0
4574,Pre,1,0.5,NA,0,0,1,1,0,1,1,1,0,1,1,0,0
4578,Pre,0,1,1,0,1,0,1,1,0,1,0,0,1,0,1,0
4585,Pre,1,1,1,0,1,0,0,1,0,1,0,0,1,1,1,0
4586,Pre,0,1,1,0,1,0,1,0,0,1,1,1,0,0,1,0
4589,Pre,0,1,0,1,1,1,1,0,1,0,1,1,1,0,0,0
4592,Pre,1,1,0,1,0,1,1,1,1,1,1,1,0,1,1,0
4598,Pre,1,0,1,0,1,0,1,1,0,1,0,0,1,0,1,1
4599,Pre,1,1,1,0,1,0,1,1,0,1,0,0,1,1,1,0
4602,Pre,0,0.5,NA,0,0,0,1,1,0,1,0,0,0.5,0,1,1
4606,Pre,1,0.5,NA,0,1,0,1,1,0,1,0,0,1,0,1,1
4607,Pre,1,0,0,0,0,1,1,1,0,1,0,0,0.5,1,1,1
4608,Pre,0,0.5,NA,0,1,0,1,1,0,1,0,0,0,0,1,0
4609,Pre,1,0,0,0,0,0,1,0,0,0,1,0,0.5,0,0,1
4610,Pre,0,0.5,NA,0,0,1,1,0,0,1,0,1,0.5,0.5,0,1
4616,Pre,1,0,0,0,0,0,1,0,0,0,0,1,0,0,1,0
4617,Pre,0,0.5,NA,0,0,0,1,1,0,1,0,1,0.5,0.5,1,0
4619,Pre,1,1,1,0,1,0,1,1,0,1,0,0,0,0,1,1
4626,Pre,0,0,0,1,1,1,1,1,1,0,1,1,0,0,1,0
4627,Pre,1,0.5,NA,0,0,0,1,1,1,0,1,0,1,0,1,0
4656,Pre,1,0.5,NA,1,1,0,0,1,0,0,0,0,0.5,0.5,NA,0
4668,Pre,1,1,1,1,1,1,0,1,1,1,1,1,1,1,NA,1
4686,Pre,0,0,0,0,1,0,0,1,0,1,0,0,0,0,NA,0
4693,Pre,1,1,0,0,0,0,1,0,0,0,0,0,0,0,NA,0
4697,Pre,0,0.5,NA,0,1,0,0,1,0,1,0,0,0,0,1,0
4702,Pre,1,0,0,0,1,0,0,0,0,1,0,1,1,0.5,1,0
4704,Pre,0,0.5,NA,0,1,0,0.5,NA,0,1,0,0,1,1,1,0
4710,Pre,1,0,1,0,0,0,1,1,1,0,1,0,1,1,0,1
4712,Pre,1,1,1,0,1,0,0,1,0,1,0,0,1,0,1,0
4716,Pre,1,0.5,NA,0,1,0,1,0,0,1,0,0,0,1,NA,0
4717,Pre,1,0,1,1,0,1,0.5,NA,0,1,0,0,1,1,1,1
4720,Pre,1,0,1,0,1,0,1,0,0,1,0,0,1,0,1,1
4722,Pre,1,1,1,0,1,0,0,1,0,1,0,0,0.5,1,NA,0
4723,Pre,1,0,0,1,1,1,1,1,0,1,1,1,1,0.5,1,1
4725,Pre,1,0,1,1,1,1,1,1,1,1,0,1,1,1,1,1
4727,Pre,0,0.5,NA,0,1,0,1,0,0,1,0,1,0,0.5,1,0
4730,Pre,1,1,1,1,1,0,0,1,0,0,0,1,0,0,1,1
4737,Pre,0,0,1,0,1,0,1,0,0,1,0,0,0.5,0,1,0
4739,Pre,1,1,0,0,0,0,0,1,0,0,1,1,0.5,1,1,0
4740,Pre,1,0,1,0,1,0,0,1,0,1,0,0,1,1,1,1
4743,Pre,1,1,0,0,0,0,1,0,0,1,0,0,0.5,0,1,0
4746,Pre,0,1,0,0,1,0,1,0,0,1,0,0,0,1,0,1
4748,Pre,1,0.5,NA,1,0,1,0,0,0,1,1,1,0,1,0,0
4750,Pre,0,1,0,0,1,0,0,0,0,1,0,0,1,1,NA,1
4752,Pre,1,1,1,1,1,1,1,1,1,1,1,1,1,1,1,1
4753,Pre,0,1,0,0,0,0,1,0,0,0,0,1,0,0,1,0
4754,Pre,0,1,0,0,0,0,0,0,0,0,0,1,0,0.5,0,0
4755,Pre,0,1,0,0,0,0,1,0,0,0,0,1,0.5,1,0,1
4755B,Pre,0,1,1,0,1,0,1,0,0,0,0,1,0.5,0,1,1
4756,Pre,1,1,0,0,0,1,1,0,0,1,0,0,0,0.5,1,0
4756B,Pre,1,1,1,1,1,1,0,1,1,1,1,1,1,1,1,0
4758,Pre,0,0.5,NA,0,1,0,0,1,0,1,1,1,0.5,1,1,0
4760,Pre,1,0.5,NA,0,1,0,1,1,0,1,0,0,0.5,0,1,0
4761,Pre,1,0,1,0,1,0,1,1,0,1,0,0,0,0,1,0
4762,Pre,1,1,1,0,0,0,1,1,0,0,0,1,0.5,1,NA,0
4763,Pre,1,1,0,0,0,0,1,1,0,1,0,1,1,0,1,0
4764,Pre,1,1,1,1,1,1,0,1,0,1,1,1,1,1,1,1
4765,Pre,0,0,0,0,1,1,0,1,0,1,0,0,0,0,NA,0
4767,Pre,1,1,1,0,1,0,0,1,0,1,1,1,1,0,1,1
4768,Pre,1,0,1,0,1,0,0,1,1,1,1,1,1,0,1,1
4770,Pre,1,1,1,0,1,0,1,0,0,1,1,1,0.5,0.5,1,0
4771,Pre,1,1,0,0,0,0,1,1,0,1,1,1,0.5,0,1,0
4773,Pre,0,0.5,NA,0,0,0,0.5,NA,0,1,0,0,0.5,0.5,1,0
4775,Pre,0,1,0,0,1,0,1,0,0,1,0,0,0,0,0,1
4777,Pre,0,0,1,0,1,0,1,0,0,1,0,0,1,1,1,1
4778,Pre,1,0,0,1,1,1,1,1,0,1,0,0,1,0,0,0
4779,Pre,1,0.5,NA,0,1,0,1,1,1,1,1,1,0,0,NA,0
4780,Pre,1,0,1,1,1,1,1,1,1,1,1,1,1,1,1,1
4781,Pre,1,1,1,1,1,1,1,1,1,1,1,1,1,1,1,1
4782,Pre,1,1,0,0,1,0,0,1,0,0,0,0,0,0,1,1
4783,Pre,1,0,1,0,0,0,1,1,1,1,1,1,0,0,0,0
4784,Pre,1,0,0,0,1,0,0,1,0,1,1,1,1,1,1,0
4785,Pre,1,1,0,1,1,1,0,1,1,1,1,1,1,1,1,1
4786,Pre,1,0,1,1,0,1,0,0,1,1,1,1,1,0,NA,1
4787,Pre,1,0.5,NA,0,0,0,0.5,NA,0,1,0,0,0,0.5,NA,0
4789,Pre,0,1,0,1,1,1,0,1,1,1,1,1,1,0,1,0
4795,Pre,1,1,1,1,1,1,0,1,1,1,1,1,1,1,1,0
4799,Pre,1,1,0,0,0,0,1,0,0,0,0,0,1,0,0,1
4801,Pre,0,0,0,0,1,1,0,1,0,1,0,0,1,0,1,0
4802,Pre,1,1,0,1,1,1,0,1,1,1,1,1,1,1,1,0
4803,Pre,1,1,0,1,1,1,0,1,1,1,1,1,1,1,1,0
4805,Pre,0,0.5,NA,0,1,0,0,1,0,1,0,0,0,0,1,0
4806,Pre,1,1,1,1,1,1,0,1,1,1,1,1,0.5,0,1,0
4807,Pre,1,1,1,1,1,0,0,1,0,0,1,1,0,0,1,0
4813,Pre,1,0.5,NA,1,1,1,0,0,1,1,1,1,0.5,1,NA,1
4815,Pre,1,0,1,0,1,0,1,1,1,1,0,1,0,0,1,0
4816,Pre,1,1,0,0,1,0,1,0,0,1,0,0,0,1,0,1
4817,Pre,1,1,0,0,0,0,0,0,0,0,0,0,0.5,1,1,1
4819,Pre,0,1,0,0,1,0,0,0,0,0,0,1,0,0,NA,0
4821,Pre,1,1,0,0,1,1,1,0,0,0,0,0,1,1,1,0
4822,Pre,1,1,0,0,1,0,1,0,0,1,0,1,0,0,1,1
4824,Pre,0,0,0,0,0,0,1,1,0,0,0,0,1,0.5,0,0
4825,Pre,0,0,0,0,1,0,0.5,NA,0,1,0,0,0,0.5,1,1
4826,Pre,0,0,0,0,1,0,0,1,0,1,0,0,0.5,1,1,1
4828,Pre,0,1,1,1,0,1,0,1,1,1,1,1,1,1,1,1
4829,Pre,0,0.5,NA,0,1,0,1,1,0,1,1,1,0.5,1,1,1
4830,Pre,0,1,0,1,0,1,0,1,1,1,1,1,1,1,1,1
4831,Pre,1,0,1,1,1,0,1,1,0,1,0,0,0,1,1,0
4832,Pre,0,0.5,NA,0,0,1,1,1,0,0,0,0,0.5,0,1,0
4833,Pre,0,0,1,1,0,0,0,0,0,0,0,1,0.5,1,NA,0
4836,Pre,0,1,1,1,0,1,0,1,0,1,1,1,1,1,NA,1
4838,Pre,1,0.5,NA,1,1,1,1,1,0,1,0,0,0.5,1,1,1
4839,Pre,1,1,1,0,1,0,1,1,0,1,0,0,0,0.5,1,1
4845,Pre,1,0,1,0,1,0,1,1,0,1,0,0,1,0,1,1
4846,Pre,1,1,1,1,1,1,0,1,1,1,1,1,1,0.5,1,1
4848,Pre,1,1,0,0,1,0,0,1,0,1,0,0,0,0,0,1
4850,Pre,0,0,0,0,1,0,1,0,0,1,0,0,0.5,0.5,0,0
4855,Pre,0,0,1,1,0,1,0,1,1,0,1,0,1,0.5,1,0
4860,Pre,1,0.5,NA,0,0,0,1,0,0,1,0,0,0.5,1,0,1
4861,Pre,0,0.5,NA,1,1,0,1,0,0,1,1,1,1,0,0,1
4862,Pre,1,0.5,NA,1,1,1,1,1,1,1,1,1,1,0.5,1,1
4863,Pre,1,0.5,NA,0,1,0,0,1,1,1,0,0,0,1,1,1
4868,Pre,1,0,1,0,1,0,0,0,0,1,0,1,1,0,1,1
4869,Pre,1,1,1,1,1,0,0,1,1,1,1,1,1,1,1,1
4870,Pre,0,0,1,0,1,0,0,1,0,1,0,0,0.5,0,1,1
4871,Pre,0,1,0,0,1,1,1,0,0,0,0,1,0.5,0.5,0,0
4874,Pre,1,0.5,NA,0,1,0,0,0,0,1,0,0,0.5,1,0,1
4878,Pre,1,1,1,1,1,1,1,1,1,1,1,1,1,1,1,1
4879,Pre,1,0,1,1,1,1,1,1,1,1,1,1,1,1,1,1
4880,Pre,1,1,1,0,1,0,0.5,NA,0,1,1,1,1,1,1,1
4884,Pre,1,1,1,1,1,1,1,1,1,1,1,1,1,1,1,1
4885,Pre,1,1,0,1,1,1,0,1,1,1,1,1,1,1,1,0
4886,Pre,1,1,0,0,1,1,0,1,0,0,0,0,1,1,0,0
4887,Pre,1,1,0,1,0,0,1,1,1,1,1,1,1,0,1,1
4888,Pre,1,1,1,1,1,1,1,1,1,1,1,1,1,1,1,0
4896,Pre,1,1,1,1,1,1,0,1,1,1,1,1,1,1,1,1
4897,Pre,1,1,1,1,1,1,0,1,1,0,1,1,1,1,1,1
4898,Pre,1,1,0,1,0,1,0,1,1,0,1,1,1,0,1,1
4900,Pre,1,1,1,1,1,1,0.5,NA,1,1,1,1,1,1,1,1
4901,Pre,1,1,1,1,1,1,0.5,NA,1,1,1,1,1,1,1,1
4902,Pre,1,0,1,1,1,0,0,1,0,0,0,0,1,1,1,1
4903,Pre,1,0,1,0,1,0,1,1,0,1,0,0,0,0.5,1,0
4904,Pre,1,1,1,1,1,1,0,1,1,1,1,1,1,1,1,1
4906,Pre,1,1,1,1,1,1,1,1,0,0,1,1,1,0,1,1
4907,Pre,1,0.5,NA,1,1,0,1,0,0,1,0,0,1,0.5,0,0
4908,Pre,1,1,1,1,1,1,0,1,1,1,1,1,1,1,1,1
4909,Pre,1,1,1,1,1,1,0,1,1,1,1,1,1,1,1,1
4910,Pre,1,1,0,1,1,1,0.5,NA,1,0,1,1,1,0.5,1,0
4911,Pre,1,1,1,1,1,1,0,1,1,1,1,1,1,1,1,1
4912,Pre,1,0,1,1,1,1,0,1,1,1,1,1,0.5,1,1,0
4913,Pre,1,0,0,0,1,0,0,1,0,1,1,0,1,1,1,0
4914,Pre,1,1,1,1,1,1,0.5,NA,1,1,1,1,1,1,1,1
4917,Pre,1,1,1,1,1,1,1,1,1,1,1,1,1,1,1,1
4919,Pre,1,0,1,1,1,1,1,1,0,1,1,1,1,1,1,0
4920,Pre,1,1,1,0,0,0,0.5,NA,0,1,1,0,0.5,0.5,1,1
4921,Pre,1,1,1,0,0,0,1,1,0,1,0,0,0,0,1,1
4922,Pre,1,1,1,0,1,0,0,1,1,1,0,1,0.5,1,NA,1
4926,Pre,1,1,1,1,1,0,1,1,1,1,1,1,1,1,1,0
4927,Pre,1,0,1,1,1,1,0,1,1,1,0,1,1,1,1,0
4219,Post,1,1,1,0,1,0,0,0,0,1,0,0,NA,NA,1,0
4224,Post,1,1,1,1,0,0,0,1,0,0,1,1,0,0,1,0
4229,Post,1,1,0,0,1,1,1,1,0,1,0,0,1,1,1,0
4230,Post,1,1,0,1,1,1,1,1,1,1,1,1,1,1,1,0
4232,Post,1,1,1,0,1,1,0,1,1,1,1,0,0,1,1,1
4235,Post,1,0,1,0,0,1,0,0,0,0,1,1,NA,1,1,1
4236,Post,0,1,0,0,0,1,0,0,0,0,1,1,1,1,1,0
4240,Post,1,NA,NA,0,1,0,1,0,0,1,1,1,NA,NA,0,0
4241,Post,1,1,1,1,1,1,0,1,1,1,1,1,1,1,1,0
4242,Post,0,1,0,0,0,0,0,0,0,0,0,1,NA,NA,1,0
4243,Post,1,0,NA,1,1,1,1,1,1,1,1,1,0,1,1,0
4244,Post,1,0,1,0,0,0,1,0,0,0,1,1,NA,1,1,0
4245,Post,1,1,1,0,1,0,1,1,0,1,1,1,1,0,1,0
4246,Post,1,1,1,1,1,1,1,1,1,1,1,1,1,1,1,1
4247,Post,1,0,1,1,1,1,0,1,1,1,1,1,1,1,1,0
4248,Post,1,1,0,1,1,1,1,1,1,1,1,1,0,NA,1,0
4249,Post,1,1,1,1,1,1,NA,NA,1,1,1,1,1,1,1,1
4251,Post,1,0,NA,1,0,0,1,0,0,0,0,0,1,0,NA,0
4254,Post,1,0,1,1,0,0,NA,NA,1,1,1,0,1,1,1,0
4257,Post,1,0,1,0,1,0,0,1,1,1,1,1,1,1,1,0
4258,Post,1,1,1,0,1,0,0,1,0,1,0,0,NA,NA,1,0
4259,Post,1,0,0,1,1,1,1,1,1,1,1,1,1,1,1,0
4260,Post,1,1,1,0,1,0,0,1,0,1,0,1,1,NA,1,1
4261,Post,1,0,1,1,1,1,0,1,1,1,1,1,1,1,1,1
4264,Post,1,1,1,1,1,1,0,1,1,1,1,1,1,1,1,0
4267,Post,1,0,1,0,1,0,0,1,1,1,1,1,1,0,1,0
4268,Post,1,1,1,0,0,1,1,1,1,1,0,1,1,1,1,1
4269,Post,1,0,1,0,NA,1,NA,NA,1,1,0,0,0,NA,1,0
4271,Post,1,1,1,1,1,1,0,1,1,1,1,1,1,0,1,1
4272,Post,1,1,0,1,0,1,0,1,1,0,1,1,NA,NA,1,0
4273,Post,1,0,1,1,1,1,0,1,1,1,1,1,1,1,1,0
4275,Post,1,1,1,1,1,1,1,1,1,1,1,1,0,0,1,0
4276,Post,1,0,1,1,0,1,0,1,1,1,1,1,1,1,1,1
4277,Post,1,0,1,1,1,0,0,1,1,1,1,1,1,NA,1,0
4278,Post,1,1,1,1,0,1,0,1,1,0,1,0,1,1,1,1
4279,Post,1,1,1,1,1,1,0,1,1,1,1,1,1,NA,1,0
4279F,Post,1,0,1,1,1,0,0,1,0,1,1,1,1,1,1,0
4281,Post,1,0,1,1,1,1,0,1,1,1,1,1,1,1,1,1
4281F,Post,1,NA,NA,0,1,0,1,1,0,0,0,0,0,0,0,0
4283,Post,1,0,1,0,1,0,0,0,0,1,0,0,0,0,1,0
4284,Post,1,1,0,0,0,0,0,1,0,0,1,0,1,0,1,0
4285,Post,1,1,1,1,0,1,NA,NA,1,1,1,1,1,1,1,1
4286,Post,1,1,0,1,1,1,NA,NA,1,1,1,1,1,1,1,0
4287,Post,0,0,0,0,1,0,1,1,0,1,1,1,1,1,1,1
4288,Post,1,0,1,1,0,1,0,1,1,1,1,1,1,1,1,1
4289,Post,1,1,0,0,1,0,0,0,0,1,0,1,NA,1,1,0
4290,Post,1,1,1,1,1,1,0,1,1,0,1,1,1,1,1,1
4291,Post,1,1,1,1,1,1,0,1,1,1,1,1,1,1,1,0
4293,Post,0,1,0,0,1,1,1,1,0,0,0,1,0,1,1,0
4293F,Post,1,1,1,0,1,0,1,1,0,1,0,NA,0,0,1,0
4294,Post,1,NA,NA,1,0,1,0,1,1,0,1,1,0,NA,1,0
4294F,Post,1,1,0,1,1,1,0,1,1,1,1,1,1,1,1,0
4295,Post,1,1,1,1,1,1,0,1,1,1,1,1,1,1,1,1
4297,Post,1,0,1,0,1,0,1,0,0,1,0,0,0,1,0,1
4299,Post,1,1,1,0,1,0,1,0,0,1,0,0,0,1,1,0
4300,Post,1,0,0,0,1,0,NA,NA,0,1,0,0,NA,0,1,0
4301,Post,1,1,1,0,1,0,1,0,0,1,0,0,0,0,1,1
4302,Post,0,1,1,1,0,1,1,1,1,1,1,1,1,1,1,0
4304,Post,1,1,0,0,0,1,0,1,0,1,0,1,1,1,1,0
4305,Post,1,0,1,0,1,0,0,0,0,1,0,1,0,0,1,0
4309,Post,1,0,1,1,1,1,0,1,1,1,1,1,1,1,1,1
4310,Post,1,1,0,1,0,1,1,1,0,0,1,1,NA,NA,1,0
4313,Post,1,1,0,1,1,0,0,1,1,1,1,1,1,1,0,0
4314,Post,1,1,1,1,0,1,1,1,1,0,1,1,1,0,1,1
4315,Post,1,1,0,1,1,1,1,1,1,0,1,1,1,1,1,0
4316,Post,1,0,0,0,0,0,1,1,1,1,0,1,0,NA,1,0
4318,Post,1,0,0,1,0,1,NA,NA,0,0,1,0,NA,0,0,0
4319,Post,1,1,0,0,0,1,NA,NA,0,0,0,1,NA,NA,1,1
4321,Post,0,1,0,0,1,1,1,0,0,1,0,1,0,NA,0,0
4322,Post,1,0,1,1,1,1,0,1,1,1,1,1,1,1,1,0
4324,Post,1,1,1,1,1,1,1,1,1,1,1,1,1,NA,1,1
4326,Post,1,0,0,1,1,1,1,0,1,1,1,1,1,0,1,0
4327,Post,1,0,1,1,1,1,0,1,1,1,1,1,1,1,1,1
4328,Post,1,1,1,1,1,1,0,1,1,1,1,1,1,1,1,1
4334,Post,0,1,0,1,0,1,0,1,1,0,1,1,1,0,1,0
4335,Post,1,NA,NA,0,1,0,0,0,0,0,0,0,NA,0,1,0
4339,Post,1,1,1,0,1,0,0,1,0,1,1,0,1,1,1,1
4341,Post,1,1,1,1,1,1,1,1,1,1,1,1,1,1,1,0
4342,Post,1,1,1,1,1,1,0,1,1,1,1,1,1,1,1,1
4343,Post,1,1,1,0,1,0,1,1,0,1,0,0,0,0,1,1
4344,Post,1,1,1,1,1,1,1,1,1,1,1,1,NA,1,1,0
4347,Post,1,1,1,1,1,1,0,1,1,1,1,1,1,1,1,1
4348,Post,1,0,1,0,1,0,1,1,0,1,0,0,0,1,1,1
4350,Post,1,1,1,1,1,1,0,1,1,1,1,1,1,1,1,1
4352,Post,1,0,NA,NA,NA,NA,NA,NA,NA,NA,NA,NA,NA,NA,NA,NA
4353,Post,1,1,1,0,1,1,1,1,0,1,0,0,0,1,1,0
4355,Post,1,0,1,1,1,1,0,1,1,1,1,1,1,NA,1,1
4356,Post,1,0,0,0,1,0,0,1,0,1,1,1,1,1,1,0
4357,Post,1,1,0,0,0,0,1,1,0,1,0,0,0,0,1,1
4359,Post,1,1,1,1,1,1,0,1,1,1,1,1,1,1,1,1
4360,Post,1,0,1,0,0,0,1,1,0,1,0,1,0,1,1,0
4362,Post,1,1,1,0,0,0,0,1,0,1,1,1,1,1,1,1
4363,Post,1,0,1,1,1,1,0,1,1,1,1,1,1,1,1,1
4364,Post,1,1,1,1,1,1,NA,NA,1,1,1,1,1,1,1,1
4367,Post,1,1,1,1,1,1,0,1,1,1,1,1,1,1,1,1
4371,Post,0,1,0,0,1,0,0,1,0,1,0,1,0,0,1,1
4372,Post,0,1,1,0,1,1,0,1,1,0,1,0,1,1,1,0
4373,Post,1,1,1,1,1,1,1,1,1,1,1,1,1,1,1,0
4374,Post,1,1,1,1,1,1,0,1,1,1,1,1,1,1,1,1
4376,Post,1,1,1,0,1,0,0,1,0,1,1,1,0,0,1,1
4379,Post,1,1,0,0,1,0,1,1,0,1,0,0,NA,0,1,0
4380,Post,1,1,0,0,1,0,0,1,0,1,0,0,0,0,1,1
4382,Post,1,NA,NA,1,1,0,1,1,0,1,0,0,NA,1,1,0
4383,Post,1,1,0,0,1,0,1,0,0,1,0,0,NA,0,1,0
4384,Post,1,1,1,1,0,1,0,1,1,1,1,1,1,1,1,0
4390,Post,1,0,0,1,1,1,0,1,1,1,1,1,1,1,1,1
4391,Post,1,1,0,0,0,0,NA,NA,1,1,0,0,0,NA,1,0
4394,Post,1,0,1,0,1,1,0,1,1,1,1,1,0,1,1,1
4396,Post,1,1,1,0,1,0,1,1,0,1,0,0,1,1,1,1
4397,Post,1,1,0,1,1,1,0,1,1,1,1,1,1,1,1,0
4400,Post,1,1,0,0,1,0,NA,NA,0,1,0,0,NA,0,1,0
4404,Post,1,1,1,1,1,1,0,1,1,1,1,1,1,1,1,1
4406,Post,1,1,0,0,0,1,0,0,0,0,0,0,0,0,1,0
4407,Post,1,1,0,1,1,0,0,1,1,1,1,0,NA,NA,1,1
4408,Post,1,NA,NA,1,1,1,0,1,1,1,1,1,1,0,1,0
4410,Post,1,1,1,1,0,1,0,1,1,0,1,0,NA,NA,1,0
4411,Post,1,0,1,1,0,1,NA,NA,1,0,1,0,1,0,1,0
4413,Post,1,1,1,1,1,1,0,1,1,1,1,1,1,1,1,0
4419,Post,1,1,1,0,1,0,0,0,0,0,1,1,0,1,1,0
4421,Post,1,1,0,0,1,0,1,1,0,1,0,0,0,0,1,1
4423,Post,1,1,1,1,1,1,0,1,1,0,1,1,1,1,1,1
4426,Post,1,1,1,1,1,1,1,1,1,1,0,1,1,1,1,0
4428,Post,1,1,1,1,1,1,0,1,1,1,1,1,1,1,1,1
4429,Post,1,0,1,1,1,1,1,1,1,0,1,1,0,1,1,1
4430,Post,1,0,1,1,1,0,0,1,1,1,1,1,1,1,1,1
4431,Post,1,0,1,0,1,0,0,1,1,1,1,1,1,NA,1,1
4432,Post,1,0,1,1,0,1,0,1,1,1,1,0,1,1,1,1
4433,Post,1,1,1,1,1,1,0,0,1,1,1,1,1,1,1,1
4435,Post,1,0,1,1,0,1,0,1,1,1,1,1,1,1,1,1
4436,Post,1,1,1,0,1,0,0,1,0,1,0,0,1,0,1,1
4437,Post,1,1,1,0,1,1,1,1,1,1,0,1,NA,1,1,1
4440,Post,1,1,1,0,1,0,0,1,0,1,0,0,1,0,1,0
4447,Post,1,0,1,0,1,0,0,1,0,1,1,1,1,1,1,1
4448,Post,1,1,1,1,1,1,0,1,1,1,1,1,1,1,1,1
4449,Post,1,1,0,1,1,1,0,1,1,1,1,1,1,1,1,1
4450,Post,1,1,1,1,1,1,0,1,1,0,0,1,1,NA,1,0
4451,Post,1,0,0,1,0,1,0,1,1,1,1,1,1,1,1,0
4452,Post,1,1,1,1,1,1,0,1,1,1,1,1,1,1,1,0
4453,Post,0,1,1,1,1,0,0,1,0,1,0,1,0,1,1,0
4454,Post,1,1,1,1,1,1,1,1,1,1,0,1,0,0,1,1
4455,Post,1,0,1,1,1,1,1,1,1,1,1,1,1,1,1,1
4456,Post,1,0,0,1,1,1,0,1,1,1,0,0,1,1,1,0
4457,Post,1,0,0,0,1,0,1,1,0,1,0,0,0,0,1,0
4458,Post,1,1,1,1,1,1,0,1,1,1,1,1,1,1,1,1
4459,Post,1,1,1,1,1,1,0,1,1,1,1,1,1,1,1,1
4460,Post,1,1,0,1,1,1,0,1,1,1,1,1,NA,1,1,1
4461,Post,1,NA,NA,1,1,1,0,1,1,1,1,1,1,1,1,0
4465,Post,1,0,1,0,0,1,1,0,1,1,0,0,0,1,1,0
4467,Post,1,0,0,0,1,0,0,0,0,1,0,0,0,0,0,1
4476,Post,1,0,1,1,0,1,1,1,1,0,1,0,NA,NA,NA,1
4478,Post,1,NA,NA,0,1,0,0,1,0,0,0,0,0,NA,1,0
4479,Post,1,0,1,0,1,0,1,1,0,1,1,1,1,1,1,1
4482,Post,0,NA,NA,1,0,0,1,0,0,0,0,1,NA,0,NA,1
4485,Post,1,0,1,1,1,1,NA,NA,1,1,1,1,NA,0,1,1
4488,Post,1,0,0,0,1,0,NA,NA,0,1,0,0,NA,NA,1,0
4490,Post,1,NA,NA,NA,NA,NA,NA,NA,NA,NA,NA,NA,NA,NA,NA,NA
4492,Post,1,0,0,0,1,0,1,0,0,0,0,0,NA,NA,NA,0
4494,Post,1,1,NA,NA,NA,NA,NA,NA,NA,NA,NA,NA,NA,NA,NA,NA
4495,Post,1,0,1,0,1,0,0,1,0,1,0,0,0,0,1,0
4498,Post,1,0,1,0,0,0,0,1,1,0,1,0,0,0,1,0
4499,Post,1,NA,NA,0,0,1,0,1,1,0,0,0,1,1,1,0
4500,Post,1,0,1,1,1,1,1,1,1,1,1,1,1,1,1,1
4501,Post,0,NA,NA,0,0,0,NA,NA,0,1,0,1,NA,NA,1,0
4502,Post,1,NA,NA,0,1,0,0,1,0,1,0,1,1,NA,1,1
4503,Post,1,0,0,1,1,0,0,1,0,0,0,1,NA,1,1,0
4505,Post,0,NA,NA,0,1,0,0,1,0,1,0,0,0,1,1,0
4507,Post,1,1,1,1,1,1,0,1,1,1,1,1,1,1,1,1
4509,Post,1,0,1,1,1,0,1,1,0,1,0,0,0,0,1,1
4513,Post,0,0,NA,NA,NA,NA,NA,NA,NA,NA,NA,NA,NA,NA,NA,NA
4514,Post,0,0,1,0,1,0,1,1,0,1,0,0,1,1,1,1
4515,Post,1,NA,NA,0,0,0,1,1,0,0,1,0,NA,NA,1,0
4517,Post,1,1,1,1,1,1,NA,NA,1,1,1,1,1,1,NA,1
4518,Post,1,NA,NA,1,1,1,0,0,0,0,0,1,NA,NA,1,1
4524,Post,1,0,1,0,1,0,0,1,0,1,1,1,NA,0,1,1
4531,Post,1,1,0,0,1,0,0,0,0,1,0,0,1,1,0,1
4533,Post,1,0,1,1,0,1,0,1,1,1,1,1,1,0,1,1
4535,Post,1,0,0,0,1,0,0,1,1,0,0,0,NA,0,1,0
4536,Post,1,0,0,1,1,0,1,1,1,0,0,1,NA,NA,0,0
4537,Post,1,0,1,0,1,0,1,1,0,1,0,0,1,0,1,0
4540,Post,1,1,1,1,1,0,0,1,1,1,1,1,1,1,1,0
4543,Post,1,0,1,0,1,0,0,1,0,1,0,0,1,0,1,0
4545,Post,1,0,0,1,1,0,1,1,0,0,1,0,NA,NA,1,0
4546,Post,1,1,1,0,1,0,0,1,0,1,0,0,NA,1,1,1
4549,Post,1,0,1,0,0,0,0,1,0,0,1,1,1,1,1,1
4550,Post,1,0,0,0,1,0,1,0,0,1,0,0,0,0,1,0
4558,Post,1,1,0,0,1,0,1,0,0,1,0,0,0,0,1,0
4559,Post,1,1,1,1,0,1,0,1,1,1,1,1,1,1,1,1
4562,Post,0,1,0,1,0,1,1,0,0,1,0,0,1,0,0,0
4564,Post,1,1,1,1,1,1,0,1,1,1,1,1,1,1,1,0
4566,Post,1,1,0,0,0,1,0,1,1,0,0,0,1,1,1,0
4568,Post,1,1,1,0,0,0,1,1,0,1,0,1,1,NA,1,0
45710,Post,0,1,0,0,1,0,NA,NA,1,1,1,1,0,NA,1,0
45719,Post,0,NA,NA,0,1,0,1,0,0,1,0,0,0,0,NA,0
4574,Post,1,1,0,0,0,1,1,0,0,0,0,1,0,1,0,0
4578,Post,0,0,0,0,0,0,1,1,0,0,0,1,1,0,0,1
4585,Post,0,1,0,0,1,0,0,1,0,1,0,0,0,NA,1,1
4586,Post,1,1,1,0,1,0,NA,NA,0,0,1,1,0,1,1,0
4589,Post,1,1,1,1,0,1,0,1,1,1,1,1,1,1,1,1
4592,Post,1,0,1,1,1,1,1,1,1,1,1,1,1,1,1,0
4598,Post,1,1,1,0,1,0,1,0,1,1,1,1,1,1,1,1
4599,Post,1,1,1,0,1,0,0,0,0,1,0,0,1,1,1,1
4602,Post,1,NA,NA,0,1,0,0,1,0,1,0,0,1,1,1,1
4606,Post,1,0,1,1,1,0,0,1,0,1,0,0,0,1,1,0
4607,Post,1,1,1,1,0,0,0,1,1,1,1,1,1,1,1,1
4608,Post,1,1,1,0,1,0,0,0,0,1,0,0,0,0,1,0
4609,Post,1,0,0,0,0,0,0,1,0,0,1,0,1,1,NA,1
4610,Post,0,NA,NA,0,1,0,1,0,0,1,0,0,NA,NA,0,1
4616,Post,1,NA,NA,0,1,0,NA,NA,0,0,1,1,1,1,1,0
4617,Post,1,0,0,1,1,1,1,0,0,0,0,0,1,0,1,0
4619,Post,0,1,0,0,1,0,1,1,0,1,0,0,1,1,1,1
4626,Post,1,0,1,0,0,0,1,0,1,0,1,1,1,1,0,0
4627,Post,1,NA,NA,0,1,0,0,1,1,0,1,1,NA,1,1,0
4656,Post,1,NA,NA,0,1,0,0,1,0,1,0,0,NA,0,1,0
4668,Post,1,0,1,1,1,1,0,1,1,1,1,1,1,1,1,1
4686,Post,1,0,1,0,0,0,0,1,0,1,0,1,1,NA,1,0
4693,Post,1,0,0,0,1,0,1,0,0,1,0,0,0,0,0,0
4697,Post,0,NA,NA,1,1,1,0,1,1,1,1,1,1,1,1,0
4702,Post,1,1,0,0,1,0,0,1,0,1,0,0,NA,0,1,0
4704,Post,1,1,1,1,0,1,1,1,1,1,0,1,1,0,1,1
4710,Post,1,1,1,0,0,0,1,1,0,0,1,0,1,1,0,1
4712,Post,1,0,1,1,1,1,0,1,0,1,1,1,1,1,1,0
4716,Post,1,0,1,1,1,0,0,1,0,1,0,1,0,0,1,0
4717,Post,1,NA,NA,1,1,1,NA,NA,1,1,1,1,1,1,1,1
4720,Post,1,1,1,1,1,1,1,1,1,1,1,1,1,1,1,1
4722,Post,1,1,1,0,1,0,0,1,0,1,0,1,NA,NA,1,0
4723,Post,1,0,1,1,1,1,0,1,1,1,1,1,1,1,1,1
4725,Post,1,1,1,1,1,1,1,1,1,1,0,0,1,NA,1,1
4727,Post,1,0,1,1,0,1,0,1,1,0,1,1,1,1,1,0
4730,Post,1,1,1,1,1,1,0,1,0,1,1,1,1,1,1,1
4737,Post,1,NA,NA,1,0,0,1,0,0,0,0,1,NA,NA,1,1
4739,Post,1,1,0,0,1,0,0,1,1,0,0,0,1,1,1,1
4740,Post,1,1,0,1,1,0,0,1,1,1,1,1,1,1,1,1
4743,Post,1,1,0,0,0,0,NA,NA,0,1,1,0,1,1,0,0
4746,Post,1,1,0,1,1,0,1,0,0,1,0,0,0,1,0,1
4748,Post,0,0,0,0,0,1,NA,NA,0,0,0,1,NA,0,0,0
4750,Post,1,NA,NA,NA,NA,NA,NA,NA,NA,NA,NA,NA,NA,NA,NA,NA
4752,Post,1,1,NA,NA,NA,NA,NA,NA,NA,NA,NA,NA,NA,NA,NA,NA
4753,Post,0,0,0,1,1,0,1,1,1,1,1,1,1,1,1,0
4754,Post,1,NA,NA,1,0,0,0,0,0,0,0,1,NA,NA,0,0
4755,Post,1,1,0,1,0,0,1,0,0,0,0,1,NA,1,0,0
4755B,Post,1,1,1,1,1,0,NA,NA,0,0,0,1,NA,NA,1,1
4756,Post,1,1,0,0,0,1,1,0,0,1,0,0,0,NA,NA,1
4756B,Post,1,1,1,1,0,1,0,1,1,1,1,1,1,1,1,1
4758,Post,0,0,1,1,1,1,0,0,1,1,1,1,1,1,1,0
4760,Post,1,1,1,1,1,1,0,1,1,1,1,1,1,1,1,0
4761,Post,1,0,1,1,1,1,0,1,1,1,1,1,1,1,1,0
4762,Post,0,0,0,0,1,0,0,0,1,0,1,0,1,0,0,1
4763,Post,1,1,1,0,1,0,0,1,0,0,0,1,1,1,0,1
4764,Post,1,1,1,0,1,1,0,1,0,1,1,1,1,1,1,1
4765,Post,1,NA,NA,1,1,0,0,1,1,1,1,1,1,0,1,1
4767,Post,1,0,1,1,1,1,0,1,1,1,1,1,1,0,1,1
4768,Post,1,1,1,1,1,1,0,1,1,1,1,1,1,1,1,1
4770,Post,1,1,1,0,1,0,1,0,1,0,1,1,NA,NA,1,0
4771,Post,1,NA,NA,0,1,0,1,0,0,1,0,0,1,0,1,0
4773,Post,1,NA,NA,1,1,0,1,0,0,1,0,1,0,0,1,1
4775,Post,1,1,1,0,1,0,1,1,0,1,0,0,0,1,1,0
4777,Post,1,0,1,1,1,1,0,1,1,1,1,1,1,1,1,1
4778,Post,0,1,0,0,0,0,1,0,0,1,1,1,1,1,0,1
4779,Post,1,1,1,1,1,1,0,1,1,1,1,1,1,1,1,0
4780,Post,1,0,1,1,1,1,0,1,1,1,1,1,1,1,1,1
4781,Post,0,1,1,1,1,1,1,1,1,1,1,1,1,1,1,1
4782,Post,1,0,1,1,0,1,0,1,1,1,1,1,0,0,1,0
4783,Post,1,1,0,1,0,1,1,1,0,1,0,0,1,0,0,1
4784,Post,1,1,0,1,1,1,0,1,1,1,1,1,1,NA,1,0
4785,Post,1,0,1,1,0,1,0,1,1,1,1,1,1,1,1,1
4786,Post,1,1,1,1,1,1,0,1,1,1,1,1,NA,0,1,1
4787,Post,1,NA,NA,1,1,1,0,1,1,1,1,1,NA,1,1,0
4789,Post,1,1,1,1,1,1,0,1,1,1,1,1,1,1,1,1
4795,Post,1,0,1,1,1,1,0,1,1,1,1,1,1,1,1,1
4799,Post,1,0,1,0,1,1,0,0,0,0,0,0,0,1,1,1
4801,Post,1,0,0,0,0,0,0,1,0,1,0,0,1,NA,0,0
4802,Post,1,0,1,1,1,1,0,1,1,1,1,1,1,1,1,1
4803,Post,1,0,1,1,0,1,0,1,1,1,1,1,1,1,1,1
4805,Post,1,NA,NA,1,0,1,NA,NA,0,0,1,0,0,NA,1,0
4806,Post,1,NA,NA,1,0,1,0,1,1,0,1,1,1,NA,1,0
4807,Post,1,1,1,0,0,0,0,1,0,0,0,1,NA,NA,1,0
4813,Post,1,0,1,1,1,0,0,1,1,1,1,1,1,1,1,0
4815,Post,1,0,1,0,0,0,0,0,0,0,0,1,0,NA,1,0
4816,Post,0,1,0,0,1,0,1,0,0,1,0,0,0,1,0,0
4817,Post,0,1,0,0,0,0,1,0,1,1,1,0,0,0,1,1
4819,Post,0,0,0,0,0,1,1,0,0,0,0,1,1,1,0,1
4821,Post,1,1,0,0,1,0,1,0,0,1,0,0,0,1,0,1
4822,Post,0,1,0,0,1,0,0,0,0,1,0,1,0,0,1,1
4824,Post,0,0,1,1,1,1,0,1,1,1,1,1,1,1,1,0
4825,Post,0,0,0,0,0,0,NA,NA,0,0,0,1,1,0,1,0
4826,Post,1,1,1,1,0,1,0,1,1,0,1,0,1,1,1,1
4828,Post,1,1,0,1,1,1,0,1,1,0,1,0,1,1,1,1
4829,Post,1,NA,NA,1,1,1,1,0,0,0,1,1,NA,NA,1,1
4830,Post,1,1,1,1,1,1,0,1,1,1,1,1,1,NA,1,0
4831,Post,1,0,1,0,1,0,0,1,0,1,0,1,1,1,1,0
4832,Post,0,1,0,0,1,0,1,0,0,0,0,1,NA,0,1,0
4833,Post,0,NA,NA,0,0,0,1,0,0,0,0,1,1,1,1,0
4836,Post,1,1,1,1,1,1,0,1,1,1,1,1,1,1,1,1
4838,Post,1,1,0,1,0,1,0,1,0,0,0,1,1,1,1,0
4839,Post,0,1,1,0,1,0,NA,NA,0,1,1,0,NA,0,1,1
4845,Post,1,0,1,0,1,0,1,1,0,1,0,1,0,0,1,0
4846,Post,1,0,1,1,1,1,0,1,1,1,1,1,1,1,1,1
4848,Post,1,1,1,1,1,1,0,1,1,1,1,1,1,1,1,0
4850,Post,1,1,0,0,1,0,NA,NA,0,1,0,1,NA,NA,1,0
4855,Post,1,0,1,1,0,1,0,1,1,1,1,1,1,1,1,0
4860,Post,0,1,0,0,0,1,1,0,0,0,0,0,1,NA,1,1
4861,Post,0,0,0,1,1,1,1,1,1,1,1,1,1,NA,1,0
4862,Post,1,1,1,1,1,1,1,1,1,0,1,1,NA,1,1,1
4863,Post,1,NA,NA,1,1,1,0,1,1,1,1,1,1,1,1,0
4868,Post,1,0,0,0,0,0,0,1,0,1,0,0,1,1,1,0
4869,Post,1,1,1,1,1,1,0,1,1,1,1,1,1,1,1,1
4870,Post,1,0,1,1,0,1,0,1,1,1,1,1,1,1,1,0
4871,Post,1,1,0,1,1,1,NA,NA,1,1,0,0,NA,1,1,0
4874,Post,1,0,0,0,1,0,0,1,0,1,0,1,0,1,1,0
4878,Post,1,1,1,1,1,1,NA,NA,1,1,1,1,1,1,1,1
4879,Post,1,1,1,1,1,1,1,1,1,1,1,1,1,1,1,1
4880,Post,1,1,1,1,1,1,0,1,1,1,1,1,1,1,1,1
4884,Post,1,0,1,1,1,1,0,1,1,1,1,1,1,1,1,1
4885,Post,1,1,1,1,1,1,0,1,1,1,1,1,1,1,1,1
4886,Post,1,1,0,1,0,1,1,1,1,1,1,1,1,1,1,1
4887,Post,1,1,1,1,0,0,1,1,1,0,1,1,1,1,1,1
4888,Post,1,1,1,1,1,1,NA,NA,1,1,0,1,1,1,1,0
4896,Post,1,1,1,1,1,1,0,1,1,1,1,1,1,1,1,1
4897,Post,1,1,1,1,1,1,0,1,1,0,1,1,1,1,1,1
4898,Post,1,1,0,1,1,1,0,1,1,1,1,1,1,0,1,1
4900,Post,1,1,1,1,1,1,0,1,1,1,1,1,1,1,1,1
4901,Post,1,1,1,1,0,1,0,1,1,1,1,1,1,1,1,1
4902,Post,1,1,1,1,1,1,1,1,1,1,0,0,1,1,1,1
4903,Post,1,0,1,0,1,1,NA,NA,1,1,0,1,NA,NA,1,0
4904,Post,1,1,1,1,1,1,0,1,1,1,1,1,1,1,1,1
4906,Post,1,1,1,1,1,1,1,1,1,0,1,1,1,0,1,1
4907,Post,1,NA,NA,1,1,0,0,0,0,1,1,0,1,0,1,0
4908,Post,1,1,1,1,1,1,1,1,1,1,1,1,1,1,1,1
4909,Post,1,1,1,1,0,1,0,1,1,1,1,1,1,1,1,1
4910,Post,1,NA,NA,1,1,1,NA,NA,1,1,1,1,1,1,1,0
4911,Post,1,1,1,1,1,1,0,1,1,1,1,1,1,1,1,1
4912,Post,1,1,1,1,1,1,0,1,1,1,1,1,NA,NA,1,0
4913,Post,1,1,1,1,1,1,0,1,1,1,1,0,1,1,1,1
4914,Post,1,1,1,1,1,1,NA,NA,1,1,1,1,1,1,1,1
4917,Post,1,1,1,1,0,1,NA,NA,1,1,1,1,0,1,1,1
4919,Post,1,1,1,1,1,1,0,1,1,1,1,1,1,1,1,1
4920,Post,1,1,1,0,0,0,NA,NA,0,1,1,1,NA,NA,1,1
4921,Post,1,1,1,1,1,1,1,1,1,0,0,1,0,1,1,0
4922,Post,1,1,1,0,1,0,0,1,1,1,1,1,NA,1,NA,1
4926,Post,1,1,1,1,1,1,NA,NA,1,1,1,1,1,1,1,1
4927,Post,1,1,1,1,1,1,0,1,1,1,1,1,1,1,1,1