"","X.x","ID","Gender.x","Certificate","PQ01","PQ02","PQ03","PQ04","PQ05","PQ06","PQ07","PQ08","PQ09","PQ10","PQ11","PQ12","PQ13","PQ14","PQ15","PQ16","PQ17","PQ18","PQ19","sum","rowno","X.y","Picture","Color","Gender.y","SQ07","SQ08","SQ09","SQ10","SQ11","SQ12","SQ13","SQ14","SQ15","SQ16","SQ17","SQ18","SQ19","SQ20","SQ21","SQ22","SQ23","SQ24","SQ25","SQ26","SQ27","SQ28","SQ29","SQ31","SQ32"
"1",3,"4232","Male","IB",4,5,4,4,5,4,3,3,3,3,3,3,3,3,4,4,4,4,4,76,3,7,"crocodile ","Blue","Male",4,4,4,5,3,4,4,3,4,5,4,4,4,4,4,4,4,5,4,4,4,3,4,4,4
"2",5,"4235","Male","IB",5,5,5,5,3,3,2,4,4,5,4,5,4,4,5,5,5,4,4,91,5,8,"dolphin","blue","Male",3,4,4,5,5,5,3,5,5,4,5,5,5,4,4,5,4,5,5,5,3,4,5,5,4
"3",6,"4230","Female","IB",1,1,1,1,1,1,1,5,5,5,5,5,5,5,5,5,5,5,5,79,6,6,"Cobra","Blue","Female",5,4,5,5,5,5,4,5,5,3,4,4,4,5,4,4,4,4,4,5,5,5,4,5,5
"4",8,"4421","Male","IB",5,5,4,5,5,2,1,3,1,1,3,1,1,1,5,3,4,5,2,73,8,132,"Elephant","Lemon/yellow","Female",4,5,4,4,4,5,4,4,5,4,4,5,4,4,3,4,5,3,3,5,5,4,3,5,5
"5",10,"4219","Male","IB",5,5,5,5,5,5,5,5,5,5,5,5,5,5,5,5,5,5,5,115,10,3,"Bat","Blue","Male",4,5,5,5,5,5,5,5,5,5,5,5,3,4,3,5,5,5,4,5,5,5,5,5,5
"6",11,"4229","Female","IB",5,5,5,5,5,5,5,5,5,5,5,5,5,5,5,5,5,5,5,117,11,5,"Chick","Blue","Female",4,5,5,5,4,5,5,5,4,4,4,5,5,5,4,5,5,4,5,5,5,5,5,5,5
"7",12,"4236","Male","IB",5,4,5,5,4,5,5,5,5,4,5,1,5,1,5,3,5,5,5,106,12,9,"Donkey","Blue ","Male",4,4,4,4,4,4,4,4,4,4,4,4,4,3,4,4,5,4,5,5,4,4,4,4,4
"8",15,"4224","Female","IB",5,5,3,5,5,4,4,3,3,3,5,1,4,1,4,5,5,5,5,105,15,4,"Butterfly ","Blue","Female",4,5,5,5,4,5,4,4,5,5,5,5,4,4,4,5,5,5,5,5,4,5,5,5,4
"9",18,"4254","Female","IGCSE (British)",4,5,3,5,4,3,3,1,2,1,4,3,3,4,3,4,5,5,4,102,18,22,"Octopus ","Blue ","Female",3,4,5,4,5,5,4,3,5,4,5,5,4,4,3,4,5,5,NA,5,4,5,5,5,5
"10",19,"4267","Female","IGCSE (British)",3,5,2,4,5,5,5,1,5,5,3,5,5,1,5,3,5,5,5,115,19,30,"star fish","blue","Female",NA,4,4,4,4,4,4,4,4,5,5,5,5,4,5,5,5,5,NA,5,5,5,5,5,5
"11",21,"4261","Female","IGCSE (British)",5,4,5,5,4,3,3,3,3,3,4,2,1,3,5,4,5,4,4,112,21,27,"seahorse","blue","Female",4,4,NA,5,4,4,5,4,3,5,4,4,2,3,4,4,4,5,NA,5,5,4,4,4,5
"12",22,"4246","Male","IGCSE (British)",3,3,5,4,4,1,1,1,1,1,3,3,3,3,3,3,5,4,5,100,22,16,"helicopter","blue","Male",4,4,4,4,4,4,4,4,4,3,3,3,4,3,4,3,2,4,NA,4,4,4,4,4,4
"13",23,"4251","Female","IGCSE (British)",3,4,5,4,5,1,4,2,3,4,3,3,5,4,4,2,3,4,4,113,23,21,"lizard","blue","Female",4,3,4,4,NA,NA,NA,3,4,4,3,NA,NA,NA,NA,NA,NA,NA,NA,NA,NA,NA,NA,NA,NA
"14",24,"4241","Male","IGCSE (British)",5,5,5,5,5,1,1,1,1,1,3,1,3,3,4,4,5,5,5,111,24,11,"Frog","blue","Male",5,5,5,5,5,5,5,5,4,5,5,5,5,5,5,5,5,5,NA,5,5,5,5,5,5
"15",25,"4247","Male","IGCSE (British)",4,5,4,4,5,1,1,1,1,1,3,3,1,1,5,4,5,5,5,109,25,17,"hippo","blue","Male",5,5,5,5,4,5,5,5,3,5,4,4,4,4,5,4,5,5,NA,5,5,5,5,4,5
"16",29,"4244","Male","IGCSE (British)",3,4,3,5,4,1,1,4,3,2,5,5,5,4,3,3,5,4,4,126,29,14,"gorilla","blue","Male",5,2,1,3,2,5,5,3,1,4,4,5,5,4,4,4,4,5,NA,2,4,5,4,5,4
"17",31,"4257","Female","IGCSE (British)",5,4,5,5,4,5,5,5,3,3,5,3,3,2,4,4,5,5,5,142,31,23,"Pig","Blue","Female",5,5,5,5,5,5,5,5,3,3,4,4,3,3,3,4,3,4,NA,5,5,4,3,5,5
"18",33,"4259","Female","IGCSE (British)",5,5,5,5,5,4,4,3,3,4,4,4,5,2,5,4,5,5,5,148,33,25,"rhino","blue","Female",5,4,5,5,4,5,5,4,5,5,5,5,5,5,5,5,5,5,NA,5,5,4,5,5,5
"19",34,"4242","Male","IGCSE (British)",2,2,5,5,4,3,1,1,3,3,5,4,5,5,3,3,4,3,4,133,34,12,"girraffe","blue                     ","Male",1,1,1,1,1,1,1,1,1,1,1,1,1,1,1,1,1,1,NA,1,1,1,1,1,1
"20",37,"4276","Male","IGCSE (British)",5,5,5,5,4,2,1,1,1,1,2,1,1,1,5,4,5,4,5,132,37,38,"ant","dark yellow","Male",4,4,4,4,4,4,4,4,4,5,5,5,5,5,4,4,4,5,NA,5,5,5,5,5,5
"21",38,"4272","Female","IGCSE (British)",5,5,3,5,5,1,1,1,1,1,3,1,3,1,3,1,5,5,3,129,38,34,"cow","blue","Male",4,4,4,4,4,4,4,3,4,4,4,4,4,4,4,4,4,4,3,4,4,4,4,4,4
"22",39,"4284","Female","IGCSE (British)",3,4,2,3,4,2,1,3,2,2,4,2,2,2,3,4,4,2,2,129,39,45,"Camel","Dark yellow ","Female",4,4,3,4,4,4,4,5,3,4,4,4,3,4,4,3,3,3,NA,4,3,4,3,4,5
"23",42,"4294F","Female","IGCSE (British)",5,4,5,5,5,2,2,2,1,1,2,1,3,1,5,4,5,4,5,146,42,380,"donkey ","dark yellow","Female",5,5,5,5,4,4,5,5,4,5,5,5,5,NA,4,4,5,5,NA,4,5,5,5,5,5
"24",43,"4287","Female","IGCSE (British)",5,5,5,5,5,3,3,2,1,1,2,2,2,1,2,2,5,5,5,147,43,48,"chick","dark yellow","Female",5,5,5,5,5,5,4,4,4,5,5,5,4,5,5,5,5,5,NA,5,5,5,NA,5,5
"25",44,"4275","Male","IGCSE (British)",4,5,5,5,4,2,1,1,3,3,5,2,5,4,5,5,5,5,4,161,44,37,"Airplane","dark yellow","Male",5,4,5,4,5,4,5,5,4,4,5,5,5,4,5,5,5,5,NA,5,5,5,5,5,5
"26",45,"4273","Male","IGCSE (British)",4,5,5,4,5,4,3,4,1,1,3,1,4,4,5,5,5,5,5,163,45,35,"whale","blue","Male",5,5,4,5,4,4,4,4,5,4,4,5,5,3,5,5,5,5,NA,5,5,5,5,5,5
"27",46,"4289","Female","IGCSE (British)",4,5,4,3,5,5,5,3,5,3,4,5,4,4,3,3,4,3,4,168,46,50,"cow","dark yellow","Female",4,4,4,4,4,5,4,3,4,4,4,4,4,3,5,4,4,3,NA,4,4,4,3,3,4
"28",48,"4277","Male","IGCSE (British)",3,NA,3,5,5,2,2,1,1,2,3,3,1,1,4,4,4,4,4,148,48,39,"Balloon","Dark yellow ","Male",3,4,5,4,5,4,5,4,4,2,3,4,4,4,2,3,4,3,NA,5,5,4,3,5,5
"29",49,"4286","Female","IGCSE (British)",3,3,3,5,5,1,1,1,1,1,1,1,1,1,3,3,3,3,3,141,49,47,"cat","dark yellow","Female",4,3,3,3,4,4,4,4,3,3,3,4,3,3,3,4,4,4,NA,4,4,4,4,4,4
"30",50,"4285","Female","IGCSE (British)",5,5,5,5,5,3,3,3,3,3,3,3,3,3,4,4,5,4,5,174,50,46,"car","dark yellow","Female",4,4,5,5,4,5,4,4,4,4,4,4,4,4,4,5,5,4,NA,4,4,5,5,4,5
"31",52,"4293F","Female","IGCSE (British)",3,5,5,5,5,5,3,1,1,2,3,3,5,5,5,3,3,5,5,176,52,379,"dolphin","yellow","Female",5,5,5,4,5,4,5,3,4,5,5,3,5,5,4,5,5,4,NA,5,5,5,4,5,5
"32",53,"4243","Female","IGCSE (British)",3,5,3,5,5,3,1,1,3,1,5,1,5,3,3,3,3,5,5,169,53,13,"goat","blue","Female",3,4,4,4,2,4,4,3,3,3,4,3,4,4,5,4,4,4,4,4,4,4,3,5,4
"33",54,"4271","Male","IGCSE (British)",5,5,5,5,3,2,2,5,1,1,4,1,3,4,4,4,5,5,5,177,54,33,"train","blue","Male",2,2,5,4,4,4,1,4,5,4,5,5,5,3,3,4,5,5,4,4,5,5,5,5,5
"34",55,"4264","Male","IGCSE (British)",4,5,5,5,5,2,2,2,2,2,3,1,4,4,3,2,4,4,5,174,55,29,"sheep","blue","Male",4,4,4,4,5,4,4,4,3,5,3,3,4,5,4,4,5,4,5,5,5,4,4,5,5
"35",56,"4268","Female","IGCSE (British)",3,3,5,3,3,1,5,1,1,1,5,3,3,5,3,1,3,5,5,171,56,31,"submarine","blue","Female",3,3,4,5,3,4,3,3,5,5,5,5,3,4,3,5,5,5,4,4,5,5,4,5,5
"36",57,"4258","Male","IGCSE (British)",5,3,5,5,5,5,5,5,5,5,5,5,5,5,5,3,3,4,5,202,57,24,"Rabbit","Blue","Male",4,4,5,5,5,4,5,4,5,4,5,5,5,4,4,5,5,4,4,5,5,5,4,5,5
"37",58,"4249","Female","IGCSE (British)",5,5,4,5,5,3,3,4,3,3,5,1,3,3,5,4,4,5,5,191,58,19,"Kangaroo ","Blue ","Female",5,4,5,4,5,4,5,4,4,5,5,4,4,5,5,5,4,5,5,4,4,4,5,4,4
"38",59,"4240","Male","IGCSE (British)",3,1,1,3,1,5,3,3,3,3,5,1,5,5,3,3,3,1,3,173,59,10,"fox","blue","Male",3,4,2,4,4,3,3,3,1,1,3,1,3,2,3,2,2,2,NA,4,3,NA,3,4,4
"39",60,"4260","Male","IGCSE (British)",5,5,4,4,4,2,2,2,1,1,3,1,4,3,4,3,5,5,5,183,60,26,"Rocket ","Blue","Male",4,5,5,5,5,5,5,5,4,5,5,5,4,4,4,5,5,5,4,5,5,5,4,5,5
"40",61,"4269","Female","IGCSE (British)",4,4,3,5,4,4,4,3,3,3,5,5,5,5,4,3,4,4,5,199,61,32,"Tiger","Blue","Female",4,4,4,5,5,5,4,4,2,3,3,5,4,3,3,4,4,3,3,4,5,4,4,5,5
"41",62,"4248","Female","IGCSE (British)",5,5,4,5,5,4,2,3,1,1,3,2,3,2,5,4,5,5,4,192,62,18,"Butterfly","Blue","Female",4,4,5,5,5,5,5,4,5,5,5,5,5,5,5,5,5,5,5,5,5,5,5,5,5
"42",63,"4290","Male","American Diploma",3,4,4,5,4,2,1,1,2,2,3,3,3,3,4,5,5,5,5,190,63,51,"Crocodile","Dark yellow","Male",5,5,5,5,4,4,5,4,4,4,4,3,3,4,4,5,4,4,4,5,5,4,4,4,4
"43",64,"4283","Male","American Diploma",3,2,2,5,3,2,3,1,1,2,3,4,1,1,2,3,4,5,4,179,64,44,"Butterfly ","Dark yellow","Female",4,4,4,4,3,4,4,3,4,4,4,4,4,4,4,4,4,4,4,5,5,4,4,5,5
"44",65,"4288","Male","American Diploma",4,4,5,5,4,2,1,1,2,1,5,3,3,2,4,5,4,5,5,195,65,49,"cobra","darkyellow","Male",4,5,5,5,4,4,5,4,4,4,4,5,5,5,4,5,4,4,4,5,5,5,4,5,5
"45",66,"4321","Female","IGCSE (British)",3,3,5,5,3,1,1,1,1,1,3,1,3,1,3,3,5,5,3,183,66,72,"Sealion ","Gold ","Female",3,4,4,4,2,4,3,5,5,3,4,4,4,5,3,4,4,5,5,4,5,4,3,3,5
"46",67,"4300","Female","IGCSE (British)",3,5,5,5,4,1,1,3,3,2,1,1,2,2,4,3,5,5,5,194,67,58,"Giraffe ","Gold","Female",4,3,4,3,3,4,4,3,5,2,5,5,4,5,5,4,5,5,4,5,5,5,5,5,5
"47",68,"4304","Male","IGCSE (British)",5,5,4,4,5,4,2,4,3,4,5,5,4,3,5,3,4,3,3,211,68,61,"helicopter","gold","Male",5,4,5,5,5,4,5,5,5,4,4,4,5,4,5,4,5,5,4,5,4,4,5,4,4
"48",71,"4322","Female","IGCSE (British)",4,3,5,4,5,4,2,1,1,2,5,4,4,3,3,4,3,4,3,206,71,73,"shark","gold","Female",5,3,3,3,4,5,5,4,4,5,5,5,5,5,5,5,4,5,5,5,5,5,5,5,4
"49",72,"4313","Female","IGCSE (British)",3,2,4,5,2,1,2,2,2,2,3,1,2,3,4,3,3,4,2,194,72,66,"Owl","Gold","Female",3,3,3,3,3,4,3,3,4,4,4,4,3,4,4,4,4,3,4,4,4,3,3,4,4
"50",73,"4315","Male","IGCSE (British)",5,5,5,5,5,3,5,1,1,1,5,1,2,3,5,5,5,5,5,218,73,68,"Pig","Gold","Male",4,5,5,5,4,5,5,5,5,5,1,5,4,5,4,5,5,5,5,4,5,5,5,5,5
"51",74,"4319","Female","IGCSE (British)",4,5,5,4,5,5,3,4,5,4,5,2,5,5,4,3,4,4,4,228,74,71,"sailboat","gold","Female",4,3,4,4,4,5,5,4,3,4,4,4,4,5,5,4,5,5,5,5,4,4,4,5,5
"52",75,"4318","Female","IGCSE (British)",3,NA,NA,NA,NA,NA,NA,NA,NA,NA,NA,NA,NA,NA,NA,NA,NA,NA,NA,153,75,70,"Rocket","Gold","Female",3,4,3,3,3,4,4,3,4,5,5,5,3,4,4,4,4,4,3,4,5,4,4,4,5
"53",80,"4301","Female","IGCSE (British)",5,5,3,5,5,5,4,3,2,2,5,1,5,5,5,5,5,5,5,240,80,59,"goat ","gold ","Female",5,4,4,4,4,5,4,4,4,5,5,5,4,4,5,4,5,5,5,5,5,5,5,5,5
"54",81,"4294","Male","IGCSE (British)",3,5,2,4,3,5,5,1,5,5,5,5,5,5,3,2,3,3,5,236,81,54,"Donkey ","Yellow","Male",3,3,3,4,4,4,4,4,4,4,5,5,4,3,3,4,5,4,3,4,5,4,4,5,4
"55",82,"4299","Male","IGCSE (British)",4,3,4,5,4,5,5,3,5,4,5,4,4,4,4,4,5,5,5,246,82,57,"frog","gold","Male",5,4,5,5,4,5,5,4,5,4,5,5,4,4,4,4,4,4,5,5,5,5,5,5,5
"56",83,"4309","Male","IGCSE (British)",5,5,5,5,5,1,3,5,1,1,5,1,1,4,5,5,5,5,5,238,83,64,"Lizard","Yellow","Male",5,5,5,5,3,5,5,5,5,5,5,5,5,5,5,5,5,5,5,5,5,5,5,5,5
"57",84,"4302","Female","IGCSE (British)",4,5,4,5,4,4,4,5,2,2,3,3,5,4,5,4,5,2,2,240,84,60,"Gorilla","Gold","Female",3,3,4,4,5,5,5,5,3,4,4,5,4,4,5,4,5,4,4,5,5,5,4,5,5
"58",85,"4278","Male","American Diploma",3,3,2,4,2,1,1,2,1,1,2,1,3,1,4,2,4,4,3,214,85,40,"Bat","Dark yellow","Male",2,2,3,3,3,4,4,2,5,4,3,3,3,3,2,4,3,3,3,4,5,3,2,4,4
"59",86,"4291","Male","American Diploma",3,4,4,3,3,4,2,1,1,3,5,1,1,3,4,2,5,5,5,231,86,52,"Deer ","Dark yellow ","Male",2,4,5,5,4,4,4,4,2,2,3,2,4,4,1,3,3,2,2,5,5,4,3,4,4
"60",88,"4293","Male","American Diploma",4,4,5,5,4,5,5,4,3,5,4,5,4,3,4,4,4,4,5,257,88,53,"dolphin ","dark yellow ","Male",4,4,4,4,4,3,4,4,NA,3,5,4,4,3,4,4,3,5,5,5,5,3,4,4,4
"61",90,"4327","Male","IGCSE (British)",3,5,5,5,5,3,2,3,4,4,5,3,4,3,4,4,5,5,5,257,90,77,"submarine","gold","Male",5,3,4,4,3,5,4,5,3,3,5,5,5,3,4,5,4,5,5,5,5,5,5,5,5
"62",93,"4343","Female","IGCSE (British)",4,5,4,5,5,1,1,1,1,1,3,2,4,2,5,5,5,5,5,250,93,85,"butterfly","green","Female",4,5,5,5,5,5,5,4,5,5,5,5,5,5,4,5,5,5,5,5,5,5,5,5,5
"63",94,"4328","Male","IGCSE (British)",3,3,3,5,3,1,1,1,2,1,2,1,1,1,4,4,5,5,5,239,94,78,"Tiger","Gold","Male",5,4,5,5,5,5,4,4,4,3,5,4,4,4,5,4,5,5,4,5,5,5,5,5,5
"64",95,"4324","Male","IGCSE (British)",5,5,5,5,5,5,5,3,2,2,2,3,4,5,4,4,5,5,5,269,95,75,"Ship","Gold","Male",5,5,5,5,3,5,5,4,5,5,5,5,5,5,5,5,5,5,5,5,5,5,5,5,5
"65",96,"4348","Female","IGCSE (British)",5,5,5,5,5,5,3,1,3,3,4,3,2,3,4,4,5,5,5,267,96,88,"chick","green","Female",4,4,5,5,4,5,4,4,3,5,4,4,3,3,3,4,5,5,4,4,5,4,5,5,5
"66",100,"4347","Female","IGCSE (British)",4,4,4,5,5,4,4,5,5,4,3,3,3,2,4,4,5,5,5,278,100,87,"CATERPILLAR","GREEN","Female",4,5,5,5,5,4,4,5,5,5,5,5,4,4,5,5,4,5,5,5,5,5,5,5,5
"67",101,"4339","Female","IGCSE (British)",3,5,3,5,4,3,4,2,2,1,3,2,3,3,4,4,5,4,5,267,101,82,"beaver","green","Female",4,4,4,4,3,4,4,3,4,3,4,4,4,5,4,5,4,4,4,5,5,4,4,5,5
"68",102,"4353","Male","IGCSE (British)",3,5,3,4,5,5,5,3,4,5,5,3,5,4,3,2,4,3,3,278,102,91,"dog","green","Female",4,4,4,5,5,5,5,4,4,5,5,5,5,4,5,4,5,5,4,5,5,5,5,5,5
"69",103,"4367","Female","IGCSE (British)",5,5,5,5,5,5,3,1,1,1,1,1,1,3,5,5,5,5,5,273,103,100,"helicopter","green","Female",4,3,4,5,5,4,4,5,3,5,5,5,4,5,5,4,5,3,4,5,5,4,4,5,5
"70",105,"4357","Male","IGCSE (British)",4,5,5,4,5,5,5,3,5,5,5,5,5,5,3,2,5,5,5,296,105,94,"Duck","Green","Male",4,NA,5,5,5,4,4,4,4,3,4,4,4,4,5,3,4,4,5,4,5,4,5,4,4
"71",106,"4373","Female","IGCSE (British)",5,5,5,5,5,4,4,3,3,3,4,3,3,2,3,2,3,4,3,281,106,104,"Llama","Green","Female",4,4,3,4,3,5,4,3,4,4,4,5,4,5,4,4,5,5,5,5,5,5,5,5,5
"72",107,"4359","Male","IGCSE (British)",4,3,3,5,5,2,2,3,2,2,3,2,3,1,4,3,5,5,4,275,107,95,"elephant","green","Male",4,3,5,5,4,4,5,5,4,4,4,4,3,3,3,4,5,4,4,5,5,5,5,5,5
"73",108,"4352","Male","IGCSE (British)",5,4,4,5,5,3,2,2,3,1,5,5,4,4,3,3,5,4,4,287,108,90,"Deer","Green","Male",5,5,5,5,5,5,5,5,5,5,5,5,5,5,5,5,5,5,5,5,5,5,5,5,5
"74",109,"4362","Male","IGCSE (British)",3,4,4,5,4,2,2,2,1,1,3,2,4,4,4,4,3,3,3,276,109,97,"frog","green","Male",3,4,4,3,4,4,4,3,3,4,5,5,4,3,4,4,5,4,4,5,5,5,4,5,5
"75",110,"4363","Female","IGCSE (British)",5,5,5,5,5,5,5,5,5,5,5,5,5,5,4,4,5,5,5,313,110,98,"giraffe","green","Female",4,4,5,5,5,5,5,5,4,4,4,4,5,4,4,5,5,5,5,5,5,5,5,NA,5
"76",112,"4356","Male","IGCSE (British)",5,4,5,5,5,3,3,3,4,4,5,3,5,5,4,3,4,3,4,301,112,93,"dragonfly","green","Male",4,4,3,4,4,5,4,3,3,4,5,5,4,4,3,3,5,4,4,5,5,5,4,5,5
"77",113,"4364","Female","IGCSE (British)",3,4,3,5,4,2,1,1,1,2,3,2,4,3,5,4,4,4,4,285,113,99,"goat","green","Female",4,4,4,4,4,4,4,4,4,3,4,4,3,4,4,4,4,3,3,4,4,4,3,4,4
"78",114,"4355","Male","IGCSE (British)",4,3,4,5,4,2,2,2,2,2,5,1,4,4,3,3,3,3,2,286,114,92,"donkey","green","Male",4,3,4,4,4,4,3,4,3,3,4,3,3,3,3,3,4,4,4,5,4,4,4,4,4
"79",116,"4342","Female","IGCSE (British)",5,5,3,5,5,1,1,1,1,1,4,3,2,2,3,4,3,5,4,290,116,84,"bus","green","Female",5,5,5,2,4,5,5,5,4,4,4,5,4,5,4,5,5,4,4,5,5,4,4,5,5
"80",117,"4391","Male","IGCSE (British)",4,4,3,3,3,1,1,2,2,2,5,3,4,5,4,3,3,3,3,292,117,116,"swan","green","Male",3,3,3,4,3,4,3,4,2,3,3,3,3,4,3,3,4,3,3,4,4,2,3,4,4
"81",119,"4390","Male","IGCSE (British)",4,5,5,3,5,2,2,1,1,1,5,3,1,3,4,5,5,4,5,302,119,115,"submarine","green","Male",4,3,4,4,3,4,4,4,4,5,4,4,4,3,5,5,4,4,4,4,4,4,5,5,5
"82",121,"4384","Female","IGCSE (British)",5,5,5,5,5,3,2,2,1,1,3,2,3,1,5,5,5,5,5,310,121,114,"Sea lion ","Green","Female",5,5,5,5,5,5,5,5,4,5,5,5,5,5,5,4,5,5,5,5,5,5,5,5,5
"83",123,"4380","Female","IGCSE (British)",4,5,4,5,5,4,4,3,3,3,4,1,5,5,5,5,5,5,5,326,123,110,"Rhino","Green","Female",4,5,5,5,4,5,5,4,3,5,5,4,4,4,5,5,5,4,5,5,5,5,5,5,5
"84",125,"4394","Female","IGCSE (British)",5,5,5,5,5,3,4,3,2,2,4,3,5,3,5,5,5,5,5,329,125,117,"Train","Green","Female",5,5,5,5,5,5,5,4,4,5,5,5,5,4,4,5,5,5,5,5,5,5,5,5,5
"85",126,"4383","Male","IGCSE (British)",5,5,5,5,5,1,5,1,3,3,1,1,1,3,3,2,5,5,5,316,126,113,"seahorse","green","Male",5,4,4,4,4,5,4,5,5,4,5,5,5,3,5,5,5,5,5,5,5,5,5,5,5
"86",127,"4382","Female","IGCSE (British)",5,4,3,5,4,5,5,4,2,4,4,5,2,5,2,3,5,5,3,329,127,112,"sailboat","green","Female",3,3,4,4,4,4,3,3,3,2,4,4,4,3,4,3,4,4,4,3,4,4,4,4,4
"87",128,"4379","Female","IGCSE (British)",4,3,4,5,4,2,2,3,3,3,3,3,3,4,4,5,5,5,5,326,128,109,"rabbit ","green ","Female",4,4,4,5,4,4,4,3,5,4,4,4,4,4,4,4,5,5,5,4,4,4,5,4,5
"88",129,"4376","Male","IGCSE (British)",5,5,5,5,5,3,3,3,3,3,5,3,5,5,5,5,5,5,5,341,129,106,"Owl","Green","Male",4,5,5,5,4,5,4,4,5,4,5,4,5,5,4,5,5,4,5,5,5,5,5,5,5
"89",130,"4404","Female","IGCSE (British)",4,3,2,5,5,4,2,2,2,4,5,3,5,2,3,4,5,5,5,330,130,121,"Buffalo","Lemon","Female",4,5,5,5,5,5,5,5,2,4,3,2,2,2,2,4,4,4,3,5,5,4,4,5,5
"90",131,"4410","Female","IGCSE (British)",4,3,4,5,5,2,2,2,2,3,3,2,4,2,4,4,3,4,4,324,131,125,"caterpillar","lemon","Female",4,4,5,4,4,4,4,4,4,4,4,5,5,4,4,5,5,5,4,5,5,4,4,5,5
"91",132,"4411","Female","IGCSE (British)",3,3,3,5,4,1,1,1,1,1,1,1,3,1,3,1,3,3,3,306,132,126,"Chick","Yellow","Female",4,4,4,4,3,4,4,3,3,4,4,4,4,5,3,4,5,3,4,4,5,4,4,4,5
"92",133,"4406","Male","IGCSE (British)",4,5,5,4,5,4,5,4,4,3,4,2,NA,4,4,4,3,5,5,340,133,122,"BUTTERFLY","LEMON","Male",4,4,5,5,4,4,4,4,3,4,5,4,3,4,4,4,4,4,3,5,5,3,4,5,5
"93",134,"4400","Female","IGCSE (British)",4,4,4,5,3,3,1,1,1,1,2,5,4,4,3,3,4,4,5,329,134,120,"balloon","lemon","Female",3,4,4,4,4,4,4,3,3,4,4,4,4,4,3,5,4,4,4,4,5,4,4,4,5
"94",135,"4396","Female","IGCSE (British)",4,5,5,5,5,2,2,1,1,1,2,3,3,2,4,4,5,4,5,333,135,118,"Whale","Green","Female",5,4,4,5,4,5,5,4,5,5,5,5,4,5,5,5,5,5,5,5,5,5,4,5,5
"95",136,"4407","Male","IGCSE (British)",5,5,4,5,5,2,2,1,2,1,3,3,5,5,5,4,4,5,5,343,136,123,"Camel","Lemon","Male",5,4,4,4,4,4,4,5,4,5,5,4,4,5,3,4,5,4,4,4,4,4,4,4,5
"96",138,"4413","Female","IGCSE (British)",2,3,4,4,5,1,1,1,1,2,3,1,5,2,4,4,5,4,4,332,138,127,"Cow","lemon","Female",4,4,4,4,4,4,3,4,2,2,3,2,3,2,3,4,4,3,4,5,5,3,4,5,5
"97",140,"4397","Female","IGCSE (British)",5,5,5,5,4,2,1,1,1,1,2,2,5,2,4,3,5,5,4,342,140,119,"Zebra","Green","Female",4,3,4,4,4,4,4,4,4,4,4,4,4,3,4,3,5,5,4,5,5,5,4,5,5
"98",142,"4429","Female","IGCSE (British)",4,5,4,5,5,3,3,2,1,2,3,2,1,1,4,4,5,4,4,346,142,137,"Helicopter","Lemon","Female",4,4,4,4,4,4,4,4,4,4,4,4,4,4,4,4,4,4,4,4,4,4,4,4,4
"99",144,"4428","Male","IGCSE (British)",3,4,4,5,4,4,4,4,4,4,5,4,5,4,4,3,3,3,3,362,144,136,"Grasshopper","Lemon","Male",5,4,4,4,4,5,5,4,4,4,4,4,4,4,4,3,4,4,4,5,5,5,4,5,5
"100",146,"4433","Male","IGCSE (British)",5,5,5,5,5,1,1,1,1,1,5,3,4,1,4,5,5,4,5,358,146,141,"koala","Lemon","Male",5,5,5,5,4,5,4,4,4,4,5,5,4,5,3,4,5,5,5,5,5,5,5,5,5
"101",148,"4423","Male","IGCSE (British)",5,5,5,5,5,3,2,1,2,2,5,2,3,2,3,3,5,5,5,364,148,134,"fox","lemon","Male",4,4,5,4,4,5,3,4,4,5,5,5,5,5,5,5,5,5,5,5,5,5,5,5,5
"102",149,"4436","Female","IGCSE (British)",4,5,3,5,5,2,1,1,1,1,3,3,2,3,4,4,4,5,5,359,149,143,"Llama","Lemon","Female",5,5,5,5,5,5,4,4,4,5,5,5,4,4,5,5,4,5,5,5,5,5,5,5,5
"103",150,"4430","Female","IGCSE (British)",4,5,5,5,5,1,1,3,1,1,4,2,4,1,5,5,5,5,5,367,150,138,"Hippo","Lemon","Female",5,5,5,5,3,4,5,3,3,4,4,4,3,4,5,5,5,2,3,5,5,5,3,5,5
"104",151,"4431","Female","IGCSE (British)",4,3,3,2,4,1,1,1,1,1,1,1,1,1,2,1,4,5,3,342,151,139,"Insect ","Lemon ","Female",3,3,3,4,3,4,4,3,3,5,5,5,5,3,4,4,5,4,4,4,4,4,4,3,4
"105",153,"4437","Female","IGCSE (British)",5,3,3,5,5,2,2,1,2,2,3,3,2,1,3,3,3,5,5,364,153,144,"mouse","lemon","Female",5,5,5,4,5,5,4,4,4,5,5,5,4,5,4,5,4,5,5,5,5,5,5,5,5
"106",156,"4426","Female","IGCSE (British)",5,5,4,5,5,2,1,1,1,1,2,1,2,1,4,4,4,5,4,369,156,135,"goat","yellow ","Female",4,4,4,5,4,5,4,3,4,4,4,5,4,4,4,4,4,4,4,5,5,4,4,5,5
"107",157,"4440","Male","IGCSE (British)",2,3,4,2,5,1,1,1,1,1,3,2,4,1,5,2,5,3,3,363,157,145,"pelican","lemon","Male",4,5,3,4,3,5,2,2,1,5,2,2,3,3,1,5,3,3,1,4,4,4,3,4,4
"108",159,"4432","Female","IGCSE (British)",4,5,3,4,3,2,1,3,1,2,3,2,3,3,3,2,4,3,2,371,159,140,"kangaroo","lemon","Female",3,4,3,4,3,4,3,3,1,3,3,4,4,3,2,4,4,3,4,4,3,4,4,4,3
"109",161,"4449","Female","American Diploma",5,3,5,5,5,2,2,2,4,4,2,2,4,5,5,5,5,5,5,397,161,148,"sheep","light yellow","Female",4,5,5,5,4,4,4,4,5,5,5,4,5,4,4,5,3,3,4,4,4,4,3,4,5
"110",162,"4435","Female","IB",3,2,5,4,3,2,1,3,2,1,3,2,3,1,4,3,2,3,3,374,162,142,"lizard","light yellow","Female",3,3,2,3,4,4,4,2,4,3,5,4,4,4,4,5,4,4,4,3,3,4,3,5,3
"111",163,"4448","Female","IB",4,5,5,5,3,2,1,2,3,3,3,1,3,1,4,3,5,5,5,389,163,147,"shark","yellow","Female",5,3,5,4,4,5,5,4,4,5,5,5,4,5,3,5,5,5,4,5,4,5,5,4,4
"112",164,"4455","Female","American Diploma",2,2,3,4,5,1,1,1,1,1,1,1,1,4,4,2,4,5,4,375,164,154,"Tiger ","Light yellow ","Female",4,4,4,4,4,4,4,3,1,4,3,2,4,3,4,1,1,2,2,4,4,1,3,4,4
"113",165,"4451","Female","American Diploma",5,5,5,5,5,2,1,3,1,1,3,2,3,5,5,5,5,5,5,401,165,150,"snail","light yellow","Female",4,4,5,4,4,5,4,4,5,5,5,5,5,5,5,5,5,5,5,5,5,5,5,5,5
"114",166,"4447","Female","American Diploma",5,5,5,5,5,3,2,2,2,2,5,3,5,5,3,3,5,5,5,407,166,146,"Sealion ","Light yellow ","Female",5,5,5,4,4,5,5,4,4,5,4,5,4,4,5,5,5,4,5,5,5,5,5,5,5
"115",167,"4459","Female","American Diploma",4,4,3,5,5,1,1,1,1,1,2,4,3,3,5,5,5,5,5,397,167,158,"whale","light yellow","Female",5,5,5,5,5,5,5,5,4,3,4,4,3,4,4,3,4,4,4,4,5,4,4,5,5
"116",168,"4457","Female","American Diploma",3,4,5,4,5,4,4,3,2,2,4,4,3,4,4,3,5,4,4,407,168,156,"Train ","Light yellow","Female",3,4,4,4,4,5,5,4,3,4,4,4,3,4,4,5,4,3,4,4,4,4,5,4,4
"117",169,"4456","Female","American Diploma",4,4,4,5,4,2,3,2,2,2,3,2,3,3,4,4,4,5,3,401,169,155,"Tractor","Light yellow","Female",4,4,4,4,4,4,4,5,5,5,4,4,3,4,3,4,5,5,4,4,5,4,4,5,5
"118",170,"4454","Female","IB",5,1,3,3,3,1,3,3,1,1,4,1,1,3,3,5,3,5,3,392,170,153,"Swan ","Light yellow ","Female",4,5,4,5,3,3,4,4,2,3,3,3,3,2,2,4,4,5,5,5,4,3,5,4,5
"119",171,"4458","Female","IB",4,5,3,5,3,4,3,2,2,2,5,1,5,4,5,4,5,5,5,414,171,157,"Turtle ","Light yellow ","Female",5,4,5,5,5,5,5,5,4,4,4,5,4,4,5,5,5,5,4,5,5,5,5,5,5
"120",172,"4460","Female","American Diploma",5,4,5,5,5,2,2,1,2,1,3,2,2,2,3,3,4,5,4,404,172,159,"zebra","light yellow","Female",4,4,5,5,4,4,4,4,4,5,5,5,4,4,4,5,5,5,5,5,5,5,5,5,5
"121",173,"4450","Female","American Diploma",3,4,3,5,5,3,3,3,2,2,3,4,4,4,4,4,4,4,4,414,173,149,"Ship","Light Yellow","Female",4,4,4,4,3,4,4,3,4,3,3,3,3,3,3,3,5,3,4,5,5,4,3,4,5
"122",174,"4453","Female","American Diploma",2,3,4,4,2,1,1,1,3,3,1,1,1,1,3,4,4,4,4,395,174,152,"Submarine","Light yellow","Female",4,4,4,5,4,4,4,4,4,4,4,5,4,4,3,4,5,4,4,4,4,4,4,4,5
"123",175,"4452","Female","IB",5,5,5,4,5,1,5,1,1,1,1,1,3,1,5,5,5,5,5,414,175,151,"Starfish light yellow ","Light yellow ","Female",1,4,1,1,3,5,4,1,5,4,1,5,4,1,2,5,5,5,1,5,1,5,1,1,1
"124",177,"4408","Female","IGCSE (British)",3,4,3,5,3,2,2,1,1,1,1,1,2,2,3,4,5,4,4,405,177,124,"caterpillar","strawberry","Male",4,3,4,3,4,4,4,4,3,2,3,3,4,4,3,3,4,4,4,4,4,4,4,4,4
"125",178,"4490","Male","IGCSE (British)",4,3,5,4,3,4,1,3,1,1,5,2,4,5,5,5,5,5,5,426,178,172,"giraffe","mint","Male",4,2,4,4,4,3,4,4,3,2,3,5,3,3,4,5,4,3,4,5,3,4,5,4,4
"126",179,"4465","Male","IGCSE (British)",4,5,3,5,4,3,3,2,1,3,5,4,5,5,4,3,5,5,4,431,179,161,"bat","mint","Male",4,3,4,4,4,4,3,4,3,2,4,4,3,5,3,3,5,3,4,5,5,4,3,5,5
"127",180,"4467","Male","IGCSE (British)",5,5,5,5,5,5,5,5,5,5,5,5,5,5,5,5,5,5,5,455,180,163,"Bicycle","mint","Male",3,4,4,4,4,4,4,4,5,4,5,4,4,4,4,4,4,4,4,4,5,4,4,5,4
"128",182,"4507","Male","IGCSE (British)",5,5,5,5,5,2,2,2,2,3,4,3,5,3,5,5,5,5,5,440,182,185,"rabbit","mint","Male",5,5,5,5,5,5,5,5,5,5,5,5,5,5,5,5,5,5,5,5,5,5,5,5,5
"129",183,"4518","Female","IGCSE (British)",2,2,2,4,3,1,1,1,1,1,2,2,1,2,4,3,5,4,4,411,183,191,"submarine","mint","Female",3,3,4,4,5,3,4,4,2,2,3,3,3,3,5,3,3,4,3,4,4,4,3,3,4
"130",184,"4503","Female","IGCSE (British)",5,3,5,3,5,3,1,3,3,1,3,1,3,5,5,5,5,3,3,433,184,182,"Octopus ","Mint","Female",4,5,4,5,5,4,5,5,4,3,4,5,4,4,4,3,5,4,4,4,4,4,4,4,5
"131",185,"4479","Female","IGCSE (British)",5,5,5,5,5,5,5,3,5,5,5,3,5,5,3,3,5,5,5,457,185,168,"deer","mint","Female",5,5,5,4,5,5,4,4,5,3,5,5,5,5,4,5,5,5,5,5,5,4,4,4,4
"132",186,"4524","Female","IGCSE (British)",3,5,5,5,3,1,1,1,1,1,3,2,1,1,5,3,5,5,3,426,186,193,"whale","mint","Female",4,4,4,4,3,5,4,3,4,5,5,4,3,4,5,3,4,4,5,4,5,4,3,5,4
"133",187,"4485","Male","IGCSE (British)",5,5,4,5,3,5,5,5,4,5,5,4,5,5,3,5,5,4,5,461,187,170,"eagle","mint","Male",3,3,4,4,5,4,3,5,5,2,5,5,4,4,4,3,5,4,3,5,5,5,4,5,5
"134",188,"4476","Female","IGCSE (British)",4,5,5,5,5,3,1,2,2,5,5,2,5,1,4,5,5,5,5,450,188,166,"cobra","mint","Female",5,5,5,5,4,5,5,4,4,5,5,4,4,4,4,4,5,5,5,5,5,5,5,5,5
"135",191,"4482","Female","IGCSE (British)",5,5,5,5,5,5,5,5,5,5,5,5,5,5,5,5,5,5,5,477,191,169,"donkey ","mint","Female",5,4,5,5,4,5,5,5,3,4,5,5,3,5,3,5,5,5,5,5,5,4,5,5,5
"136",193,"4498","Female","IGCSE (British)",5,4,4,5,5,2,2,2,2,1,5,5,3,3,4,5,5,5,5,458,193,177,"koala","Mint ","Female",4,4,4,5,3,4,4,4,4,2,4,4,3,4,4,5,4,4,4,5,5,5,5,5,5
"137",194,"4500","Female","IGCSE (British)",3,4,4,5,5,2,3,2,2,2,5,1,5,1,4,3,2,4,4,449,194,179,"lizard","mint","Female",4,5,4,4,4,4,5,4,4,4,4,4,4,4,5,5,5,4,4,5,5,5,4,5,5
"138",195,"4513","Female","IGCSE (British)",5,5,5,5,5,1,1,2,2,2,3,2,3,3,4,4,4,5,4,455,195,187,"shark ","mint","Female",4,4,5,4,3,5,3,3,4,4,4,5,4,5,4,5,5,5,5,5,5,5,5,5,5
"139",197,"4492","Female","IGCSE (British)",5,5,5,5,5,3,1,3,2,1,5,1,5,5,5,5,5,5,5,470,197,174,"gorilla ","mint ","Female",4,5,5,4,5,4,5,4,4,5,4,5,5,5,4,4,5,5,4,5,4,5,4,4,4
"140",199,"4461","Male","IGCSE (British)",5,1,1,3,5,5,5,4,4,4,4,4,4,4,5,5,5,5,5,476,199,160,"plane","mint","Male",5,4,3,4,4,4,3,4,2,3,4,5,3,3,4,4,5,5,4,4,4,5,5,5,4
"141",200,"4494","Female","IGCSE (British)",5,4,5,4,5,5,5,5,5,4,5,3,5,2,4,5,5,5,5,486,200,175,"Helicopter","Mint","Female",4,4,5,4,5,5,4,5,3,3,4,4,4,4,5,4,5,4,4,5,5,5,5,4,4
"142",201,"4514","Female","IGCSE (British)",5,5,5,5,5,5,5,5,4,5,5,5,5,4,4,5,5,4,5,493,201,188,"sheep","mint","Female",4,4,4,4,5,5,4,5,3,3,4,4,4,4,4,5,5,5,4,5,5,4,4,4,4
"143",202,"4517","Female","IGCSE (British)",4,4,3,5,3,3,3,2,3,3,5,4,5,4,3,3,4,4,4,473,202,190,"starfish","mint","Female",4,3,4,4,4,4,4,4,5,5,5,5,4,4,5,5,5,5,4,5,5,5,4,5,5
"144",203,"4515","Female","IGCSE (British)",5,5,5,5,5,1,1,1,1,1,4,3,4,2,3,4,4,4,4,468,203,189,"Ship","Mint","Female",4,4,3,3,3,4,4,3,5,4,5,5,4,4,3,5,5,4,4,5,5,5,4,5,5
"145",204,"4488","Male","IGCSE (British)",5,5,3,5,5,5,3,3,5,5,5,3,5,5,5,5,5,5,5,495,204,171,"Fox","mint","Male",4,4,5,5,5,5,4,5,3,4,5,4,3,5,5,4,5,4,5,4,5,5,4,5,5
"146",205,"4478","Female","IGCSE (British)",5,5,4,5,5,1,1,1,5,4,5,3,5,5,5,4,5,5,5,488,205,167,"crocodile","mint","Female",4,5,5,4,4,5,4,3,4,5,5,5,4,5,3,4,5,5,5,5,4,2,5,5,5
"147",206,"4502","Female","IGCSE (British)",3,4,3,5,5,3,3,3,3,1,5,3,5,4,3,3,3,5,3,479,206,181,"mouse","mint","Female",4,5,4,4,5,4,3,5,5,3,4,4,4,5,3,4,4,4,4,4,4,5,3,4,4
"148",208,"4509","Male","IGCSE (British)",5,5,4,5,5,1,1,3,1,1,1,3,2,5,4,4,5,4,5,480,208,186,"Rocket","mint","Male",3,4,4,4,4,4,4,3,5,4,4,4,4,5,5,5,5,4,5,5,5,4,4,4,4
"149",209,"4501","Female","IGCSE (British)",3,4,4,5,5,2,2,1,1,1,3,3,4,1,2,2,4,3,3,471,209,180,"llama","blue","Female",3,3,4,3,4,4,3,3,5,3,4,5,3,3,3,4,5,3,3,5,4,4,4,5,5
"150",210,"4499","Female","IGCSE (British)",5,5,4,5,4,3,2,2,2,2,3,3,3,2,3,3,4,5,4,484,210,178,"Lion","Mint","Female",3,3,4,3,4,4,4,3,5,3,1,4,2,4,4,3,4,4,4,4,4,1,2,4,5
"151",211,"4505","Male","IB",5,5,5,5,5,5,5,3,5,5,5,1,5,5,5,5,5,5,5,511,211,184,"Pelican ","Mint","Male",4,4,5,5,4,4,4,4,4,3,5,5,4,4,4,5,5,5,5,5,5,5,5,5,5
"152",212,"4495","Female","IGCSE (British)",3,5,5,5,5,5,5,3,5,5,5,5,5,3,5,3,5,5,5,511,212,176,"Hippo","Mint","Female",5,5,4,5,5,5,4,4,4,5,5,4,4,5,4,5,5,4,5,5,5,5,5,5,5
"153",213,"4344","Female","American Diploma",3,5,5,5,4,2,1,1,1,1,4,1,1,5,5,5,5,5,5,490,213,86,"Camel","Green","Female",5,5,5,5,5,5,4,5,2,5,4,4,3,2,5,5,5,4,4,5,5,3,4,5,5
"154",215,"4279","Male","IGCSE (British)",5,5,5,5,5,4,4,2,2,2,5,4,4,4,4,4,5,5,5,509,215,41,"bear","dark yellow","Male",4,4,4,4,3,5,4,4,4,4,4,4,2,3,4,4,5,4,4,4,4,4,4,4,4
"155",216,"4341","Male","National",3,5,3,5,5,1,1,1,3,1,5,5,5,5,3,5,5,5,5,503,216,83,"Buffalo ","Green","Male",5,5,5,5,5,5,5,4,3,3,5,5,5,5,3,5,4,4,4,5,5,5,4,5,4
"156",217,"4279","Female","IGCSE (British)",4,5,5,5,5,4,3,4,5,4,5,4,5,5,5,5,5,5,5,522,217,41,"bear","dark yellow","Male",4,4,4,4,3,5,4,4,4,4,4,4,2,3,4,4,5,4,4,4,4,4,4,4,4
"157",218,"4281","Female","IGCSE (British)",5,5,4,5,5,3,2,5,5,2,5,5,5,5,3,3,4,3,4,514,218,42,"Buffalo","Dark yellow","Male",4,3,4,4,4,4,4,4,3,4,4,4,5,3,4,4,4,4,4,4,4,4,4,4,4
"158",219,"4245","Female","IGCSE (British)",4,5,5,5,5,3,4,1,1,1,5,3,5,4,4,5,5,5,5,513,219,15,"Grasshopper","blue","Female",4,4,4,4,5,5,5,4,3,5,5,4,3,4,4,3,5,4,4,5,5,4,4,4,5
"159",220,"4335","Female","IGCSE (British)",4,3,5,3,4,4,3,3,3,3,5,4,5,4,4,4,3,3,3,510,220,81,"ant","green","Female",4,4,4,4,5,4,4,4,3,5,4,3,3,4,5,4,4,3,3,4,5,4,3,4,5
"160",221,"4326","Male","IGCSE (British)",5,5,3,5,5,1,1,1,1,1,5,1,3,1,4,4,5,5,4,502,221,76,"starfish","gold","Female",3,3,4,4,4,4,4,4,2,3,3,5,4,4,2,4,5,5,4,5,5,5,5,5,5
"161",222,"4334","Male","IGCSE (British)",1,2,3,1,1,3,2,2,3,2,2,4,3,3,3,2,4,5,5,495,222,80,"Plane","Green","Male",5,4,4,5,4,5,5,5,4,4,4,4,4,3,4,4,4,4,4,4,5,4,4,5,4
"162",224,"4360","Male","American Diploma",1,3,3,5,3,1,1,1,3,3,5,5,5,3,1,3,5,5,5,509,224,96,"Flamingo","Green","Male",2,4,4,4,4,4,4,3,1,3,4,3,1,3,2,2,4,2,3,4,4,4,2,4,4
"163",226,"4350","Male","IB",3,5,4,3,4,3,2,3,2,2,5,3,5,3,3,3,2,4,4,515,226,89,"cow","green","Male",4,4,5,5,5,4,4,5,3,3,3,4,3,4,3,3,4,4,5,4,4,4,4,4,4
"164",228,"4562","Female","IGCSE (British)",4,4,4,4,4,4,3,1,3,4,4,4,4,4,4,4,4,4,4,527,228,211,"Insect ","Pink ","Female",4,3,4,5,4,4,4,4,5,3,4,4,5,4,4,4,4,3,4,5,4,4,4,4,4
"165",230,"4564","Male","IGCSE (British)",4,5,5,4,4,4,4,4,2,2,3,1,2,1,4,5,5,5,5,529,230,212,"koala","pink","Male",4,4,4,5,4,4,4,4,4,5,4,4,4,4,5,4,5,5,5,5,5,5,5,5,5
"166",231,"4537","Male","IGCSE (British)",3,3,5,5,5,5,5,3,1,1,3,1,1,3,3,5,5,3,3,525,231,200,"camel","pink","Male",4,4,4,4,5,4,3,4,4,4,4,5,4,4,5,4,4,4,4,5,4,4,4,4,4
"167",232,"4558","Male","IGCSE (British)",5,3,4,5,5,4,5,3,1,1,3,1,2,3,3,5,5,5,4,531,232,209,"gorilla","pink","Male",3,5,4,4,4,5,4,4,4,4,5,3,4,4,3,3,4,4,4,4,4,4,4,4,4
"168",233,"4550","Female","IGCSE (British)",5,5,4,5,5,3,3,2,1,2,4,4,5,4,4,3,5,5,5,540,233,207," duck","Pink","Female",3,4,4,4,3,4,3,4,3,4,3,4,4,4,5,4,5,4,4,4,5,4,4,5,5
"169",235,"4536","Male","IGCSE (British)",3,4,3,5,4,1,1,1,1,1,1,1,1,1,3,3,4,4,4,516,235,199,"Butterfly ","Pink","Male",4,3,3,4,4,4,4,4,4,3,4,3,3,3,3,3,3,3,3,4,5,4,4,4,4
"170",236,"4571","Female","IGCSE (British)",3,3,5,5,5,5,5,3,5,5,5,5,3,5,3,3,5,5,5,555,236,215,"pelican","pink","Female",3,2,4,2,2,4,4,2,2,2,3,4,3,3,3,3,3,2,3,4,4,4,2,4,4
"171",237,"4571","Female","IGCSE (British)",1,2,2,4,4,2,1,1,2,2,3,2,3,3,2,3,3,2,3,519,237,215,"pelican","pink","Female",3,2,4,2,2,4,4,2,2,2,3,4,3,3,3,3,3,2,3,4,4,4,2,4,4
"172",238,"4566","Male","IGCSE (British)",4,4,5,5,5,2,1,2,2,1,2,2,3,1,3,3,4,5,5,535,238,213,"lizard","pink","Male",4,4,4,4,3,4,4,3,3,4,4,3,4,4,3,4,4,4,4,4,5,4,5,5,5
"173",239,"4546","Male","IGCSE (British)",3,4,5,5,4,1,3,1,1,1,4,1,4,2,4,4,4,4,5,538,239,205,"Dog","Pink","Male",5,4,3,4,4,4,3,4,4,5,5,4,4,4,5,4,4,4,5,5,4,4,5,5,4
"174",241,"4535","Female","IGCSE (British)",5,5,5,5,5,3,2,3,2,3,3,2,3,1,5,3,3,5,3,548,241,198,"Bus","Pink","Female",4,4,4,3,4,5,4,4,5,4,4,4,3,4,4,5,5,4,5,5,4,5,5,5,5
"175",243,"4540","Male","IGCSE (British)",3,5,5,5,3,1,1,1,1,1,1,1,1,1,5,5,5,5,5,541,243,202,"Caterpillar ","Pink","Male",5,5,5,5,5,5,4,5,2,2,1,1,1,2,3,3,5,4,5,5,5,4,4,5,5
"176",246,"4549","Female","IGCSE (British)",4,5,4,3,4,3,2,2,4,3,3,4,3,2,3,3,5,4,5,558,246,206,"dragonfly","pink","Female",4,4,4,4,4,4,4,4,3,3,4,3,3,4,3,4,4,4,3,4,4,4,4,4,4
"177",247,"4568","Male","IGCSE (British)",4,4,5,5,4,1,1,1,1,1,3,1,2,3,4,4,4,5,5,552,247,214,"mouse","pink","Male",5,5,5,5,3,5,5,4,5,4,4,5,4,4,4,4,4,4,5,5,5,4,4,5,5
"178",248,"4543","Male","IGCSE (British)",5,5,5,5,5,5,4,4,4,5,5,1,5,3,5,5,5,5,5,582,248,203,"cow","pink","Male",5,5,5,5,5,5,5,5,5,4,5,5,5,5,5,5,5,5,5,5,5,5,5,5,5
"179",250,"4574","Male","IGCSE (British)",5,4,4,5,4,3,3,3,4,3,2,2,5,3,4,4,4,4,4,570,250,216,"Rabbit ","Pink","Male",4,4,4,4,3,4,4,3,3,3,4,5,3,4,4,4,4,4,5,4,4,4,4,4,4
"180",252,"4527","Male","IGCSE (British)",3,3,3,4,5,1,1,1,1,1,1,1,2,1,1,2,2,3,4,544,252,194,"ant","pink","Male",4,4,4,3,3,4,4,2,1,2,3,3,2,4,3,4,3,3,3,4,4,3,3,4,4
"181",254,"4559","Male","IGCSE (British)",4,3,5,5,4,1,1,1,1,1,3,1,4,1,5,4,5,5,5,567,254,210,"grasshoper","pink","Male",5,5,5,5,4,5,5,4,5,4,4,4,4,4,4,5,4,4,5,5,5,4,4,5,5
"182",255,"4531","Male","IGCSE (British)",4,4,5,5,5,2,2,2,2,2,3,3,5,3,5,5,5,5,5,582,255,196,"Bear","Pink","Male",5,4,5,4,5,5,5,5,3,5,4,5,4,5,3,4,5,5,5,5,5,5,5,5,5
"183",256,"4545","Male","IGCSE (British)",4,5,5,5,5,4,3,2,2,2,3,3,3,1,5,5,5,5,5,584,256,204,"Deer","Pink","Male",4,4,5,4,4,5,4,4,4,5,5,5,5,4,4,4,5,4,5,4,5,5,5,5,4
"184",257,"4533","Male","IGCSE (British)",5,5,5,4,5,2,1,1,1,1,1,1,1,1,4,4,5,4,4,569,257,197,"Bicycle","Pink","Male",4,4,5,5,4,5,5,4,5,5,5,5,4,4,5,5,5,5,5,5,5,5,5,5,5
"185",260,"4381","Male","American Diploma",3,5,5,5,5,3,1,1,1,3,5,5,5,5,3,4,5,4,5,593,260,111,"rocket","green","Male",3,2,4,3,2,4,4,2,3,3,4,3,2,3,4,3,2,2,5,5,4,3,4,4,4
"186",261,"4374","Male","National",4,3,2,5,5,3,2,1,1,1,5,4,5,5,2,2,3,4,2,581,261,105,"mouse","green","Male",3,4,4,3,4,4,3,4,4,4,5,4,4,5,2,4,3,4,4,4,5,4,4,4,4
"187",263,"4314","Male","Other?",3,5,5,5,5,3,5,2,1,2,3,1,3,1,5,5,3,5,3,591,263,67,"Penguin","Gold","Male",3,3,3,4,4,5,4,4,3,3,4,4,2,3,4,2,5,4,4,4,5,4,5,5,5
"188",264,"4305","Female","National",3,2,4,3,2,3,3,2,4,3,5,4,4,3,2,2,3,3,3,586,264,62,"Hippo","Gold ","Female",3,3,4,4,4,4,2,3,2,4,3,3,2,4,4,4,4,4,3,4,3,4,2,4,3
"189",266,"4281","Male","National",4,4,3,5,3,3,3,4,5,5,5,4,4,4,3,3,4,4,4,606,266,42,"Buffalo","Dark yellow","Male",4,3,4,4,4,4,4,4,3,4,4,4,5,3,4,4,4,4,4,4,4,4,4,4,4
"190",267,"4316","Female","American Diploma",5,4,3,5,2,1,1,2,1,3,1,1,3,3,3,1,3,3,4,583,267,69,"Rabbit","Gold","Female",3,3,4,4,3,4,3,3,4,3,4,5,3,3,3,4,4,3,2,3,3,4,4,3,4
"191",268,"4372","Male","National",4,5,4,5,4,3,3,2,3,4,3,3,4,4,4,4,5,5,5,610,268,103,"Lizard ","Green","Male",4,4,4,4,4,4,3,4,4,4,4,4,4,5,3,4,4,4,4,4,4,4,4,4,3
"192",272,"4310","Female","National",3,2,1,2,2,4,1,1,2,2,5,2,4,3,3,2,4,4,5,596,272,65,"Llama","Gold","Female",4,4,4,5,5,5,3,5,4,4,5,5,3,4,5,5,5,5,4,5,5,5,3,5,5
"193",273,"4353","Female","National",4,5,5,5,5,4,3,3,3,4,5,4,5,4,5,5,5,5,5,630,273,91,"dog","green","Female",4,4,4,5,5,5,5,4,4,5,5,5,5,4,5,4,5,5,4,5,5,5,5,5,5
"194",274,"4371","Male","National",5,5,5,5,5,1,1,1,1,1,1,1,3,1,5,4,5,5,5,608,274,102,"bicycle","light blue ","Female",5,5,5,5,5,5,4,4,5,5,5,5,5,4,5,4,5,5,5,4,4,4,5,4,4
"195",279,"4668","Male","IGCSE (British)",5,3,5,5,5,2,2,2,1,1,3,1,4,3,4,3,5,5,5,622,279,241,"car","lemon","Male",3,4,5,4,5,3,4,5,4,4,4,4,4,5,4,4,4,4,3,4,4,5,3,5,4
"196",280,"4295","Male","IGCSE (British)",3,5,5,5,5,3,1,1,1,2,4,1,1,3,5,5,5,5,5,625,280,55,"duck","purple","Female",2,2,2,3,3,3,4,2,1,3,4,2,5,4,3,2,4,2,3,4,4,4,3,4,4
"197",299,"4602","Female","IGCSE (British)",5,5,5,5,5,4,4,1,1,1,3,1,1,1,4,4,4,4,4,660,299,227,"Camel ","Purple ","Female",4,4,4,5,4,5,5,4,4,5,4,5,4,4,5,4,5,5,5,5,5,5,5,5,5
"198",300,"4626","Male","IGCSE (British)",4,5,5,5,5,3,2,2,2,2,4,3,3,1,5,4,4,5,4,668,300,238,"Hippo","Purple","Male",4,4,4,5,5,5,5,5,3,3,4,4,4,5,4,4,5,4,4,5,5,5,4,5,5
"199",301,"4589","Female","IGCSE (British)",4,4,4,5,4,3,3,4,3,3,5,5,4,3,3,3,4,4,5,675,301,221,"Train","Pink","Female",4,4,4,5,4,5,4,4,3,4,4,3,4,4,4,4,5,5,5,5,5,5,5,5,5
"200",302,"4586","Female","IGCSE (British)",5,5,5,4,5,3,2,1,2,2,3,1,1,1,4,4,5,5,5,667,302,220,"Swan","Pink","Female",4,4,4,4,5,4,4,4,3,5,4,5,4,3,5,5,5,4,5,5,5,5,5,5,5
"201",305,"4627","Female","IGCSE (British)",5,5,5,5,5,2,1,2,1,1,3,1,2,1,3,2,5,5,5,669,305,239,"Insect ","Purple","Female",4,4,4,4,4,4,4,3,4,4,4,4,4,5,3,5,5,5,5,5,5,5,5,5,5
"202",309,"4608","Female","IGCSE (British)",4,5,5,5,4,1,1,1,1,1,3,1,4,1,5,5,5,5,5,680,309,230,"Cow","Purple","Female",4,4,5,4,4,5,4,4,3,3,4,3,4,4,5,4,4,3,4,5,5,4,4,5,5
"203",310,"4599","Male","IGCSE (British)",4,5,4,5,5,4,4,3,3,2,4,4,5,2,3,3,4,5,5,694,310,226,"Buffalo ","Purple","Male",3,3,5,4,4,4,5,4,4,4,5,4,3,4,4,4,5,4,3,4,5,4,4,5,4
"204",311,"4610","Female","IB",5,5,5,5,5,1,5,1,3,1,3,1,1,1,3,2,5,5,5,684,311,232,"Deer","Purple ","Female",4,3,4,3,4,4,4,3,3,4,4,5,4,3,4,5,5,4,2,5,4,4,4,4,4
"205",312,"4609","Male","IGCSE (British)",3,4,4,5,3,5,5,5,5,5,5,5,5,5,4,4,5,4,5,710,312,231,"Crocodile","Purple","Male",4,4,5,5,5,5,5,4,5,4,5,5,3,2,4,5,5,5,5,5,5,5,4,5,5
"206",313,"4607","Female","IGCSE (British)",4,5,5,5,5,4,4,3,3,4,3,1,4,1,4,4,5,5,5,700,313,229,"Cobra","Purple","Female",4,5,4,5,4,4,5,5,4,5,5,5,5,4,4,4,5,4,5,5,5,5,4,5,5
"207",314,"4578","Female","IGCSE (British)",5,5,5,5,5,5,3,3,1,1,3,1,3,2,3,2,4,5,5,694,314,217,"Seahorse ","Pink ","Female",5,4,4,4,5,5,4,5,3,4,4,4,3,3,3,5,5,5,4,5,5,5,5,5,5
"208",316,"4617","Female","IGCSE (British)",3,4,5,4,4,2,3,2,2,1,2,2,4,2,2,2,3,3,3,685,316,235,"Elephant","Purple","Female",3,4,3,4,4,4,4,4,4,3,4,4,4,4,4,3,4,3,3,5,4,4,3,5,5
"209",319,"4585","Male","IGCSE (British)",5,5,5,5,5,3,2,2,1,1,3,2,2,1,5,4,5,5,5,704,319,219,"submarine","pink","Male",5,5,5,5,5,5,4,5,5,5,5,5,5,4,4,5,5,5,5,5,5,5,5,5,5
"210",320,"4616","Male","IGCSE (British)",4,4,4,4,5,1,1,1,1,1,4,1,5,1,3,4,3,4,5,696,320,234,"Eagle","Purple","Male",4,5,4,5,5,4,5,3,4,3,4,4,4,4,4,4,4,3,3,4,4,3,4,4,4
"211",322,"4619","Male","IGCSE (British)",5,5,4,5,5,1,2,2,1,1,3,1,4,1,4,5,5,5,5,708,322,236,"Fox","Purple","Male",5,4,4,4,5,4,4,4,3,4,3,5,5,4,1,5,5,5,4,5,5,5,5,5,5
"212",325,"4592","Male","Other?",4,5,5,5,5,5,5,2,3,2,5,5,5,5,5,4,5,5,5,735,325,222,"Zebra","Pink","Male",3,3,5,4,5,5,4,4,5,5,5,5,4,5,5,5,5,5,5,4,5,5,5,5,5
"213",326,"4598","Female","IGCSE (British)",3,4,4,5,5,3,2,3,2,2,5,3,5,4,4,4,5,5,5,725,326,225,"bicycle","purple","Female",4,5,5,5,4,4,4,4,2,4,3,2,2,3,3,4,4,3,2,5,4,5,4,5,5
"214",330,"4419","Male","IGCSE (British)",5,5,5,5,5,1,1,1,1,1,5,1,5,5,5,3,5,5,5,729,330,131,"Duck","Yellow","Male",5,5,4,5,5,5,5,5,3,4,5,4,3,5,4,5,5,5,5,5,5,5,5,5,5
"215",336,"4686","Male","IGCSE (British)",5,5,5,5,5,1,1,1,1,1,1,1,1,1,5,5,5,5,5,731,336,242,"frog","green","Male",5,5,4,5,5,5,4,5,4,4,5,5,4,5,5,5,5,5,5,5,5,5,5,5,5
"216",339,"4656","Female","IGCSE (British)",5,4,4,5,5,3,3,2,1,1,2,1,2,1,3,2,4,3,5,734,339,240,"zebra","black","Female",3,3,3,3,4,4,3,3,3,3,3,4,4,5,2,3,5,3,5,5,5,5,5,4,5
"217",350,"4668","Male","IGCSE (British)",4,3,4,5,4,5,3,2,2,3,5,5,5,1,3,3,4,4,5,770,350,241,"car","lemon","Male",3,4,5,4,5,3,4,5,4,4,4,4,4,5,4,4,4,4,3,4,4,5,3,5,4
"218",354,"4297","Male","Other?",3,3,4,5,5,3,3,2,2,2,5,3,5,5,4,3,3,4,4,776,354,56,"Elephant","Gold","Male",4,5,3,4,3,5,3,3,3,4,4,5,4,4,4,4,4,3,4,5,4,4,4,5,5
"219",358,"4712","Female","American Diploma",5,5,5,5,5,3,3,1,1,1,1,1,1,1,3,3,5,3,5,773,358,249,"sheep","red","Female",4,4,5,5,4,5,5,4,5,5,5,5,5,4,5,5,5,5,5,5,5,5,5,5,5
"220",359,"4702","Female","American Diploma",3,2,3,4,4,4,3,3,4,3,4,3,4,4,2,1,3,3,3,778,359,245,"Pelican","Red","Female",3,2,4,4,4,4,4,4,2,3,4,3,3,3,2,3,3,2,2,4,3,2,2,3,3
"221",361,"4693","Female","American Diploma",5,3,3,5,5,2,1,2,2,1,3,1,2,3,5,4,4,4,5,782,361,243,"insect","red","Female",5,5,5,5,5,4,4,5,4,4,4,4,4,3,3,4,5,3,4,4,5,4,3,5,5
"222",362,"4704","Female","American Diploma",3,4,4,4,5,5,5,4,4,5,5,4,5,5,5,4,5,3,5,808,362,246,"Pig","red","Female",5,5,5,5,5,5,4,4,5,5,4,5,5,5,5,4,5,5,5,5,5,5,5,5,5
"223",364,"4771","Female","American Diploma",5,5,5,5,5,1,3,1,1,1,1,1,3,5,3,5,5,5,5,793,364,282,"owl","sky","Female",4,4,4,3,3,4,4,3,4,4,4,4,4,4,5,4,4,4,4,4,4,4,4,4,4
"224",365,"4697","Female","American Diploma",2,2,3,4,5,3,3,1,1,1,4,2,4,1,3,2,5,2,5,783,365,244,"Lizard","Red","Female",4,4,4,4,4,3,4,3,5,1,4,3,2,3,4,4,4,4,4,5,5,4,4,5,5
"225",366,"4717","Female","American Diploma",5,5,5,5,5,1,1,1,1,1,1,1,1,1,4,4,5,5,5,789,366,251,"swan","red","Female",4,4,5,5,4,4,4,4,3,4,5,5,4,4,4,4,5,5,4,5,5,5,5,5,5
"226",367,"4723","Female","American Diploma",5,5,5,5,5,3,3,3,2,2,3,2,3,2,4,4,5,5,5,805,367,254,"zebra ","red ","Female",4,5,5,5,5,5,5,5,4,4,5,5,4,4,4,4,5,5,5,5,5,5,5,5,5
"227",370,"4716","Female","American Diploma",5,5,5,5,5,5,5,3,3,3,5,5,3,3,3,3,5,5,5,821,370,250,"submarine","red","Female",4,5,4,5,4,4,4,4,4,4,4,4,3,5,5,5,5,5,5,5,5,4,4,5,5
"228",372,"4730","Female","American Diploma",4,5,5,5,5,3,4,4,1,1,3,3,4,4,5,5,5,5,5,820,372,257,"Beaver","Light blue","Female",5,5,4,4,4,4,4,5,3,5,3,4,3,4,3,4,5,5,5,5,4,4,5,5,5
"229",373,"4725","Female","American Diploma",5,5,4,5,5,1,1,1,1,1,3,1,4,1,5,4,5,5,5,808,373,255,"ant","red","Female",5,5,5,5,5,5,5,4,5,4,5,5,5,5,4,5,5,5,5,5,5,5,5,5,5
"230",374,"4720","Female","American Diploma",5,5,5,5,5,2,1,3,1,1,4,3,5,3,5,3,5,5,5,819,374,252,"train","red","Female",5,5,5,5,5,5,5,5,4,4,5,5,5,3,2,5,5,5,5,5,5,5,5,5,5
"231",376,"4606","Female","American Diploma",4,3,5,5,5,4,4,4,4,4,5,5,5,5,4,5,5,5,5,838,376,228,"chick","purple","Female",4,4,5,5,5,5,4,4,4,4,5,5,3,5,5,5,5,5,5,5,5,4,4,5,5
"232",379,"4727","Female","IB",5,5,4,5,5,4,4,4,4,5,5,4,4,4,5,4,4,4,4,841,379,256,"balloon ","light blue ","Female",5,4,5,5,5,5,5,4,5,5,5,5,4,4,5,5,5,5,5,5,5,5,5,5,5
"233",381,"4722","Female","IB",5,5,5,1,5,4,5,5,5,5,5,4,5,3,5,5,5,5,5,849,381,253,"whale","red","Female",5,4,5,5,5,5,5,5,5,5,5,5,4,5,5,5,5,4,5,5,5,5,5,5,5
"234",382,"4753","Male","American Diploma",5,4,5,5,5,3,3,3,4,4,5,4,5,4,4,5,5,5,5,847,382,267,"fox","sky","Male",4,4,4,4,5,4,4,4,5,4,5,5,4,4,5,5,5,4,4,5,5,3,4,4,5
"235",384,"4737","Male","American Diploma",4,3,5,3,4,3,3,1,3,2,4,3,2,3,4,2,3,4,4,828,384,259,"cat","sky","Female",3,3,4,4,3,5,4,5,2,4,5,4,3,3,3,3,4,3,2,3,4,4,3,3,3
"236",385,"4746","Male","American Diploma",5,3,5,5,5,5,1,1,1,1,5,5,3,5,3,5,5,5,5,843,385,263,"Dolphin ","Sky","Male",5,5,5,5,5,5,5,5,5,5,5,5,5,5,5,5,5,5,5,5,5,5,5,5,5
"237",386,"4763","Male","American Diploma",4,4,3,5,3,4,5,5,5,5,5,5,5,5,5,5,5,5,5,860,386,276,"Kangaroo ","Sky","Female",4,3,2,4,3,5,3,3,4,3,4,4,4,4,3,5,4,3,4,5,5,5,4,5,5
"238",389,"4768","Male","American Diploma",3,3,5,5,5,1,1,1,1,1,1,5,5,2,5,5,5,5,5,842,389,280,"Mantis","Sky","Male",4,4,4,5,4,4,4,4,4,4,4,4,4,4,5,4,5,4,5,5,5,5,4,5,5
"239",390,"4762","Male","American Diploma",3,3,5,5,5,5,3,3,3,1,5,3,3,3,3,5,5,3,5,851,390,275,"Insect ","Light blue ","Male",3,3,4,4,3,4,4,2,3,4,4,4,3,4,3,4,5,4,2,5,4,5,3,5,4
"240",391,"4764","Male","American Diploma",4,4,4,5,4,5,5,5,5,5,5,5,5,5,4,4,4,4,4,868,391,277,"koala","light blue","Male",4,4,4,4,3,4,4,4,3,5,5,5,5,5,4,4,5,5,5,5,5,5,5,5,5
"241",392,"4758","Male","IB",4,3,5,5,5,1,1,2,1,1,5,1,4,5,3,4,5,5,5,849,392,272,"grasshopper","light blue","Male",5,5,4,4,4,5,4,5,5,5,5,5,3,3,5,4,5,4,5,5,5,5,4,5,5
"242",394,"4754","Male","American Diploma",5,5,5,4,5,5,3,5,1,1,5,5,5,5,4,5,5,5,5,871,394,268,"Frog","Sky","Male",1,3,4,4,4,4,4,5,4,4,3,4,3,3,3,3,4,3,3,5,4,4,4,4,4
"243",395,"4761","Male","American Diploma",4,5,5,5,5,3,1,1,3,2,5,3,1,2,4,5,5,5,5,859,395,274,"Hippo","light blue","Male",4,4,5,5,5,5,5,5,3,5,5,5,4,5,4,4,5,5,5,5,5,5,5,5,5
"244",396,"4756","Male","American Diploma",5,3,5,5,4,3,2,1,2,3,4,3,3,1,3,3,5,5,5,857,396,270,"Goat","Sky","Male",3,4,5,4,4,4,3,5,3,5,4,5,5,5,3,5,5,4,5,5,5,4,5,5,3
"245",397,"4755","Male","American Diploma",5,3,4,5,5,1,2,2,3,1,5,2,5,5,2,1,5,5,3,858,397,269,"Giraffe","Sky","Male",4,4,4,4,5,4,5,4,4,4,4,4,4,4,4,4,4,4,4,4,5,4,5,4,4
"246",398,"4710","Female","American Diploma",5,5,5,5,5,5,5,5,5,5,5,5,5,5,5,5,5,5,5,891,398,248,"sealion","red","Female",5,5,5,5,4,5,5,3,4,5,5,5,5,5,5,5,5,5,5,5,5,5,5,5,5
"247",399,"4746","Male","National",1,5,5,5,3,3,3,4,3,3,4,4,4,3,4,4,4,4,4,868,399,263,"Dolphin ","Sky","Male",5,5,5,5,5,5,5,5,5,5,5,5,5,5,5,5,5,5,5,5,5,5,5,5,5
"248",400,"4739","Male","National",3,5,5,3,5,3,3,3,3,3,3,3,3,3,3,1,3,3,3,861,400,260,"chick","blue","Male",3,3,3,3,4,4,3,3,3,4,3,4,4,4,4,4,3,4,3,4,4,4,4,4,4
"249",401,"4754","Male","Other?",1,2,NA,NA,NA,NA,NA,NA,NA,NA,NA,NA,NA,NA,NA,NA,NA,NA,NA,805,401,268,"Frog","Sky","Male",1,3,4,4,4,4,4,5,4,4,3,4,3,3,3,3,4,3,3,5,4,4,4,4,4
"250",402,"4755","Male","National",3,5,1,3,1,5,3,3,5,1,3,5,1,3,3,5,1,3,5,863,402,269,"Giraffe","Sky","Male",4,4,4,4,5,4,5,4,4,4,4,4,4,4,4,4,4,4,4,4,5,4,5,4,4
"251",404,"4750","Male","National",1,1,1,3,1,1,5,3,3,3,5,1,3,4,5,5,3,4,3,863,404,265,"Eagle","Sky","Male",4,4,5,5,5,3,3,5,1,1,1,1,3,1,1,2,1,1,1,5,5,3,1,4,5
"252",405,"4754","Male","National",3,3,4,4,4,3,3,5,4,2,4,3,3,3,3,2,3,3,3,872,405,268,"Frog","Sky","Male",1,3,4,4,4,4,4,5,4,4,3,4,3,3,3,3,4,3,3,5,4,4,4,4,4
"253",406,"4748","Male","National",5,5,4,5,5,5,5,5,5,5,5,5,5,5,5,5,5,5,4,905,406,264,"Dragonfly","sky","Male",3,3,4,3,4,3,3,5,4,5,3,4,5,3,3,5,4,5,5,5,4,4,4,4,5
"254",407,"4753","Male","National",5,5,5,5,5,5,5,5,5,5,5,5,5,5,NA,NA,NA,NA,5,889,407,267,"fox","sky","Male",4,4,4,4,5,4,4,4,5,4,5,5,4,4,5,5,5,4,4,5,5,3,4,4,5
"255",408,"4743","Female","National",5,3,1,3,4,5,4,3,4,5,5,3,2,3,3,2,5,1,5,882,408,262,"crocodile","sky","Female",3,3,4,3,5,3,4,5,5,5,5,5,4,3,4,4,5,3,5,5,4,5,3,4,5
"256",409,"4760","Female","National",5,4,4,5,5,5,4,4,5,5,5,5,5,5,3,4,5,5,5,906,409,273,"Helicopter","Sky","Male",4,4,4,4,4,4,4,2,3,4,4,3,4,3,4,4,2,4,3,4,5,4,4,5,5
"257",410,"4760","Female","National",4,5,5,5,5,4,5,4,5,4,5,3,5,5,4,5,5,4,4,906,410,273,"Helicopter","Sky","Male",4,4,4,4,4,4,4,2,3,4,4,3,4,3,4,4,2,4,3,4,5,4,4,5,5
"258",411,"4767","Male","IB",2,1,3,4,3,1,1,1,1,1,3,3,3,2,4,3,2,3,3,866,411,279,"Llama","Sky","Male",4,4,4,4,4,4,4,3,3,3,3,4,4,4,4,4,4,4,4,4,4,4,4,4,4
"259",412,"4778","Female","IB",5,5,5,5,5,5,4,5,5,5,5,5,5,5,5,4,5,5,5,917,412,286,"seahorse","sky","Female",5,5,5,5,4,5,5,5,5,5,5,5,5,5,5,5,5,5,5,5,5,5,5,5,5
"260",413,"4777","Male","IB",5,5,3,5,5,1,1,1,2,2,1,1,1,2,5,5,5,5,5,886,413,285,"sailboat","sky","Male",5,4,5,5,4,5,5,3,3,3,3,3,3,4,3,5,4,4,5,5,5,2,4,5,5
"261",414,"4763","Female","IB",4,3,5,5,4,2,1,1,1,1,2,1,3,4,3,3,4,3,2,880,414,276,"Kangaroo ","Sky","Female",4,3,2,4,3,5,3,3,4,3,4,4,4,4,3,5,4,3,4,5,5,5,4,5,5
"262",415,"4768","Male","IB",4,5,4,5,5,3,3,3,2,2,4,3,4,3,4,3,5,5,5,902,415,280,"Mantis","Sky","Male",4,4,4,5,4,4,4,4,4,4,4,4,4,4,5,4,5,4,5,5,5,5,4,5,5
"263",416,"4773","Male","IB",5,5,5,5,5,4,5,5,5,5,5,3,5,3,4,4,5,5,5,920,416,283,"Penguin","Sky","Male",4,5,5,5,4,5,5,4,4,5,5,5,5,3,5,5,5,5,5,5,5,5,5,5,5
"264",417,"4765","Female","IB",5,5,5,5,5,5,5,5,5,5,5,5,5,5,5,5,5,5,5,929,417,278,"Lion","Light blue","Male",5,5,5,5,5,5,4,5,5,3,5,5,3,4,4,5,5,5,5,5,5,5,5,5,5
"265",418,"4763","Female","IB",3,5,3,4,3,3,2,2,2,4,4,5,5,3,2,2,3,2,3,896,418,276,"Kangaroo ","Sky","Female",4,3,2,4,3,5,3,3,4,3,4,4,4,4,3,5,4,3,4,5,5,5,4,5,5
"266",419,"4770","Female","IB",5,4,5,5,5,3,2,2,1,3,2,1,2,3,5,5,4,5,4,904,419,281,"Octopus","Sky","Female",4,3,3,4,3,4,3,3,4,4,4,4,4,4,3,3,5,5,5,5,5,5,4,5,5
"267",420,"4775","Female","IB",5,5,5,5,5,3,1,1,1,1,3,3,1,1,4,3,5,5,4,901,420,284,"rhino ","sky ","Female",4,4,5,5,5,4,5,4,5,5,5,5,5,4,5,5,5,4,4,5,5,5,5,5,5
"268",422,"4771","Female","IB",5,4,5,5,5,5,5,5,5,5,4,1,5,5,2,1,3,3,2,919,422,282,"owl","sky","Female",4,4,4,3,3,4,4,3,4,4,4,4,4,4,5,4,4,4,4,4,4,4,4,4,4
"269",423,"4740","Male","National",5,5,5,5,5,5,5,3,3,3,5,5,5,5,3,3,3,3,5,927,423,261,"cobra","blue","Male",4,4,3,3,3,4,4,3,3,4,4,3,3,4,3,4,4,4,3,4,4,4,4,4,4
"270",424,"4824","Male","IB",2,3,5,5,4,2,3,3,NA,2,4,4,3,4,4,3,5,5,5,914,424,313,"Strawberry","Pink","Male",4,5,4,4,5,5,5,5,2,4,4,3,5,4,5,4,4,3,4,5,5,4,5,5,4
"271",425,"4816","Male","IB",4,4,4,4,4,4,4,5,5,5,5,5,5,5,3,3,3,3,3,928,425,308,"Dolphin","Strawberry","Male",5,5,5,5,5,5,5,5,5,5,3,5,5,5,5,5,5,5,5,5,5,5,5,5,5
"272",427,"4817","Male","IB",5,5,5,5,5,1,1,1,1,1,1,1,1,1,5,5,5,5,5,913,427,309,"dragonfly ","strawberry ","Male",5,5,5,5,5,5,5,5,5,5,5,5,5,5,5,5,5,5,5,5,5,5,5,5,5
"273",428,"4824","Male","IB",4,5,5,5,3,5,5,4,3,3,5,5,5,5,4,4,4,5,4,939,428,313,"Strawberry","Pink","Male",4,5,4,4,5,5,5,5,2,4,4,3,5,4,5,4,4,3,4,5,5,4,5,5,4
"274",429,"4815","Male","IB",5,5,5,5,5,3,2,4,4,4,5,4,5,5,5,5,5,5,5,944,429,307,"dog","strawberry ","Male",5,5,5,5,5,5,5,5,5,5,5,5,5,5,5,5,5,5,5,5,5,5,5,5,5
"275",430,"4825","Male","IB",5,5,5,5,5,1,1,1,1,1,4,1,5,3,4,4,4,4,4,923,430,314,"Goat","Red","Male",4,4,4,4,4,4,4,4,4,3,4,4,4,4,4,5,4,4,3,3,4,4,4,4,4
"276",431,"4819","Male","IB",5,5,4,5,5,4,3,3,4,3,5,2,5,5,5,5,4,5,5,944,431,310,"eagle","pink","Male",4,4,4,5,4,4,4,4,5,4,3,5,4,4,4,5,5,5,4,5,5,5,5,5,5
"277",432,"4822","Female","IB",5,5,5,5,5,3,3,1,1,3,4,3,3,3,4,4,5,4,5,935,432,312,"fox","pink / strawberry","Female",4,5,5,5,5,5,5,4,4,5,5,5,4,4,5,5,5,5,4,5,5,4,4,5,5
"278",433,"4821","Female","IB",5,5,5,5,4,5,4,4,5,4,4,4,4,4,4,3,4,5,5,949,433,311,"Flamingo","Strawberry","Female",5,4,5,5,5,5,5,5,5,5,5,5,4,5,5,5,5,5,5,4,5,5,5,5,5
"279",435,"4781","Male","IB",3,3,4,4,3,1,1,1,1,1,2,2,1,1,4,3,5,4,5,919,435,289,"Sheep","Sky","Male",4,4,5,5,3,4,4,3,2,4,3,3,4,3,2,4,3,3,3,5,4,4,4,5,5
"280",436,"4789","Male","IB",5,5,5,5,5,4,1,3,3,3,5,1,5,3,4,4,5,5,4,947,436,296,"Train","Sky","Male",4,4,4,4,3,4,5,4,4,5,4,4,2,3,3,5,5,5,5,5,5,5,5,5,5
"281",437,"4782","Female","IB",4,4,3,3,5,3,3,2,3,3,3,1,3,3,4,3,5,5,4,938,437,290,"ship","blue","Female",3,3,4,4,4,4,4,4,4,4,4,4,4,4,3,4,5,3,4,5,4,4,3,4,4
"282",438,"4786","Male","IB",5,4,3,5,5,4,4,2,3,3,3,3,4,3,3,2,3,4,4,943,438,294,"swan","sky","Male",4,4,4,4,3,4,4,4,3,4,5,4,3,4,4,4,5,4,4,5,5,5,4,5,5
"283",439,"4783","Male","IB",4,3,3,2,3,1,4,1,1,1,5,2,4,5,4,2,5,5,5,938,439,291,"Snail","Sky","Male",4,4,4,5,2,4,4,3,4,3,4,3,3,4,2,4,3,2,3,5,5,4,2,5,5
"284",440,"4787","Female","IB",3,3,3,5,4,2,2,1,1,1,3,2,3,2,2,2,3,3,3,928,440,295,"tiger ","sky ","Female",3,4,4,4,3,4,4,3,3,3,3,2,3,4,4,3,4,3,3,4,4,4,4,4,5
"285",441,"4785","Male","IB",5,5,5,5,5,1,1,1,1,1,5,1,1,1,3,3,5,5,5,941,441,293,"Submarine ","Sky","Male",3,5,5,5,2,5,4,3,5,4,5,5,4,5,2,5,5,5,4,5,5,5,4,5,5
"286",442,"4780","Female","IB",3,4,3,5,4,1,2,1,1,1,2,1,2,1,3,3,4,4,5,934,442,288,"shark","sky","Female",4,4,4,4,4,4,4,4,4,4,4,4,4,4,4,5,5,4,4,5,5,3,4,5,5
"287",444,"4784","Male","IB",3,4,2,5,5,2,1,1,1,1,3,2,4,2,2,1,4,5,4,940,444,292,"Starfish","Sky","Male",1,3,4,3,1,4,4,3,2,2,3,3,4,4,2,5,4,2,1,4,4,3,1,5,4
"288",445,"4779","Male","IB",5,5,4,5,5,2,3,5,1,2,1,3,5,1,5,5,4,5,3,959,445,287,"sea-lion ","sky","Male",5,5,5,3,3,5,2,3,5,4,5,4,4,5,3,3,5,5,5,4,4,5,4,5,5
"289",446,"4756","Male","National",1,5,1,2,5,1,5,5,3,1,5,5,5,1,1,3,5,1,1,948,446,270,"Goat","Sky","Male",3,4,5,4,4,4,3,5,3,5,4,5,5,5,3,5,5,4,5,5,5,4,5,5,3
"290",447,"4795","Male","IB",4,3,2,3,4,1,1,2,1,1,4,4,4,1,3,2,4,4,4,946,447,297,"ant","strawberry","Male",3,4,4,4,4,4,3,4,5,2,5,4,3,4,1,3,4,4,4,3,5,5,5,5,5
"291",448,"4805","Male","IB",3,3,3,4,3,1,1,1,1,1,4,2,1,1,2,2,1,3,2,935,448,302,"camel","strawberry","Male",4,3,3,3,3,4,4,2,4,3,4,5,3,4,4,4,4,3,4,4,4,4,4,4,4
"292",449,"4799","Male","IB",2,3,3,4,2,5,4,2,3,3,3,4,2,3,1,5,2,2,3,954,449,298,"Bear","Strawberry","Male",4,4,4,4,3,4,4,4,4,4,4,4,4,4,4,4,4,4,5,4,5,4,4,4,5
"293",453,"4806","Male","IB",4,3,4,4,4,2,3,1,1,1,3,1,1,1,3,2,4,3,3,954,453,303,"Car","Stawberry","Male",3,4,4,5,3,4,4,4,4,4,4,4,4,4,4,4,4,4,3,4,4,4,4,4,4
"294",456,"4807","Male","IB",4,4,5,4,5,4,5,4,4,4,5,4,4,4,4,5,4,4,5,994,456,304,"cat","strawberry ","Male",4,4,4,4,3,4,4,2,5,4,4,4,5,5,4,5,4,4,5,5,4,4,5,4,4
"295",460,"4803","Female","IB",3,3,3,3,3,3,2,2,2,2,2,2,2,2,2,1,3,3,3,966,460,301,"Bus","Pink","Female",3,3,4,4,3,4,4,3,2,3,2,4,2,3,3,4,4,3,3,4,4,3,3,4,4
"296",461,"4802","Female","IB",5,3,2,5,2,1,1,1,1,1,1,1,1,1,3,4,2,3,3,963,461,300,"Buffalo","Strawberry ","Female",4,4,4,4,4,4,4,3,3,3,4,4,4,4,3,3,3,3,3,4,4,4,3,4,4
"297",462,"4813","Male","IB",3,2,4,5,5,3,5,3,2,2,3,4,5,1,4,3,5,5,5,993,462,305,"crocodile ","strawberry ","Male",5,5,5,4,3,5,3,1,5,5,4,4,3,4,2,2,4,2,5,5,5,5,4,5,5
"298",463,"4801","Female","IB",5,5,5,5,5,2,1,1,1,1,4,1,4,1,3,2,4,5,4,985,463,299,"Bicycle ","strawberry ","Female",5,4,5,4,3,5,5,3,3,4,4,5,5,5,5,5,5,4,5,5,5,5,5,5,5
"299",464,"4836","Male","IB",5,4,3,5,5,2,2,2,2,2,4,2,1,2,5,5,4,5,4,992,464,322,"Mantis","Strawberry","Male",5,5,5,5,5,5,5,5,4,3,4,4,3,4,3,4,4,4,4,5,5,4,4,5,5
"300",465,"4832","Female","IB",5,5,3,5,5,5,5,5,5,5,5,5,5,5,3,4,3,4,4,1016,465,320,"koala","strawberry","Female",5,5,5,5,5,5,5,5,5,5,4,5,5,5,5,5,5,4,5,5,5,4,5,4,5
"301",466,"4838","Male","IB",3,2,4,4,4,2,1,2,2,2,5,1,2,2,3,2,3,3,3,982,466,323,"octupos","strawberry","Male",2,3,4,3,4,4,4,4,4,4,1,2,2,3,1,4,1,2,4,4,4,3,4,4,3
"302",467,"4833","Male","IB",3,5,3,5,5,3,3,3,1,1,5,1,5,3,3,3,3,3,3,995,467,321,"Lion","Strabery","Male",3,4,5,4,3,4,5,3,4,3,3,3,3,3,3,5,5,3,3,5,5,4,3,5,5
"303",468,"4828","Male","IB",3,3,3,4,5,3,3,1,1,1,3,1,2,3,3,3,3,3,3,987,468,316,"Helicopter","Strawberry","Male",4,4,2,5,3,4,4,4,2,3,3,4,3,3,3,4,4,2,3,4,4,3,4,4,4
"304",469,"4831","Female","IB",5,4,4,5,5,2,1,1,1,1,1,1,1,1,5,4,5,5,5,995,469,319,"Kangroo ","Strawberry ","Female",4,3,5,5,3,5,4,4,3,5,4,4,4,4,4,5,5,5,5,5,5,4,5,5,5
"305",472,"4826","Male","IB",5,5,5,5,5,1,3,1,1,1,3,1,5,1,4,4,5,5,5,1009,472,315,"Gorilla","strawberry","Male",5,5,5,5,4,5,5,3,5,5,5,5,5,5,4,5,5,5,5,5,5,5,5,5,5
"306",474,"4829","Female","IB",3,5,4,5,5,1,1,1,1,1,1,1,1,1,4,3,5,5,4,1000,474,317,"Hippo","strawberry ","Female",3,3,5,4,3,4,3,2,4,3,4,4,4,4,2,3,4,3,3,4,4,3,4,4,4
"307",476,"4830","Male","IB",2,2,2,1,1,2,3,3,4,4,1,2,2,2,2,2,2,2,3,994,476,318,"insect","strawberry","Male",3,3,3,3,5,3,3,4,5,4,5,5,4,4,4,5,4,2,4,5,5,3,5,5,5
"308",477,"4846","Male","IB",4,3,4,5,5,1,1,1,1,1,4,1,3,2,5,5,5,5,5,1015,477,327,"Sea horse","Strawberry","Male",5,4,5,5,3,5,5,4,3,4,4,2,4,4,3,4,4,5,4,5,5,4,5,5,5
"309",479,"4855","Male","IB",3,5,1,5,4,1,4,3,1,1,1,1,1,1,4,3,4,5,3,1009,479,330,"tiger","strawberry","Male",3,2,3,4,3,2,4,2,3,5,3,2,1,3,1,5,3,3,4,4,2,3,4,5,4
"310",480,"4850","Male","IB",2,3,2,4,5,2,1,2,2,1,3,2,4,3,2,2,3,3,3,1009,480,329,"ship","strawberry ","Male",2,3,4,4,4,4,4,3,3,4,2,3,2,3,4,3,3,2,4,4,4,4,3,4,4
"311",483,"4845","Female","IB",4,4,4,4,5,3,2,2,3,3,5,2,5,5,4,4,3,5,5,1038,483,326,"sailboat","strawberry ","Female",4,4,4,4,4,4,4,4,4,5,5,5,4,4,3,4,4,4,5,5,4,5,4,4,5
"312",484,"4848","Female","IB",4,5,4,5,5,4,4,4,4,5,5,3,5,5,5,5,5,5,5,1055,484,328,"Shark","Strawberry","Female",5,5,5,5,5,5,5,5,4,4,4,4,4,4,3,4,4,4,5,5,5,4,5,5,5
"313",485,"4839","Female","IB",2,1,3,4,2,3,4,2,1,3,5,3,4,5,2,3,4,3,2,1026,485,324,"Owl","Strawberry ","Female",4,2,2,4,3,4,4,3,3,3,3,4,3,3,4,5,4,4,2,4,4,3,4,4,4
"314",490,"4752","Male","Other?",5,5,5,5,3,5,3,5,3,3,5,3,5,3,3,3,2,3,3,1052,490,266,"flamingo","sky","Male",4,3,4,3,5,4,4,5,3,5,5,4,4,4,4,5,5,5,4,4,5,5,4,5,5
"315",492,"4871","Female","IB",4,5,3,5,5,5,5,5,5,5,5,5,5,4,4,2,4,5,5,1070,492,338,"camel ","blue ","Female",4,4,5,5,5,4,4,3,3,3,3,4,3,4,3,4,4,4,5,4,5,4,4,4,5
"316",495,"4874","Male","IB",4,5,5,3,3,3,2,3,2,3,4,1,4,2,4,4,4,4,3,1053,495,339,"Caterpillar","Blue","Male",3,4,3,4,4,4,3,4,4,4,4,3,3,3,4,4,4,4,4,5,5,3,5,5,5
"317",496,"4863","Female","IB",4,5,5,4,4,1,1,1,1,1,1,1,1,1,4,3,4,5,5,1044,496,334,"ant","blue","Female",4,5,5,5,3,4,5,5,3,4,3,3,4,4,4,2,4,3,5,4,4,4,4,4,4
"318",498,"4860","Male","IB",4,5,4,4,5,3,3,3,2,2,3,2,4,4,4,3,5,4,4,1064,498,331,"whale","strawberry","Male",4,4,4,5,4,4,4,4,3,4,3,3,3,4,3,4,4,4,4,4,4,3,4,4,5
"319",500,"4869","Male","IB",5,3,5,5,4,2,1,1,2,3,3,1,1,3,4,4,5,5,5,1062,500,336,"school bus","blue","Male",5,5,5,5,4,5,5,5,4,5,5,4,5,5,5,4,5,5,5,5,5,5,5,5,5
"320",501,"4862","Female","IB",3,3,5,5,4,1,1,1,1,1,1,1,2,1,4,5,5,5,5,1056,501,333,"airplane","blue ","Female",5,5,5,5,5,5,3,4,3,4,4,4,3,3,4,4,4,4,5,5,5,5,4,5,5
"321",502,"4870","Male","IB",4,4,3,5,3,5,4,3,4,4,5,2,1,5,3,4,5,4,3,1075,502,337,"Butterfly ","Blue","Male",4,3,4,4,4,4,4,4,1,3,3,2,3,2,4,4,4,3,3,3,4,3,3,3,4
"322",503,"4868","Female","IB",5,5,5,5,5,1,1,1,1,1,3,1,2,1,4,3,4,4,5,1063,503,335,"buffalo ","blue","Female",4,5,5,5,5,5,4,4,5,4,5,5,4,5,5,5,5,5,5,5,5,5,5,5,5
"323",504,"4861","Female","IB",4,5,4,5,5,2,2,2,2,2,4,3,4,4,3,3,4,3,3,1072,504,332,"zebra ","strawberry ","Female",4,4,3,3,3,4,3,3,4,5,4,4,4,3,4,4,5,4,4,4,4,4,4,5,5
"324",507,"4899","Female","IGCSE (British)",3,4,5,5,5,2,2,1,1,1,2,1,2,1,4,4,4,4,5,1070,507,351,"Octopus","Blue","Female",4,4,5,5,3,4,4,4,5,4,4,4,4,3,5,5,5,4,4,4,4,5,4,5,4
"325",508,"4898","Female","IGCSE (British)",3,3,1,5,3,3,1,3,3,1,5,3,1,1,1,1,3,5,5,1067,508,350,"Mouse","Blue","Female",5,5,5,5,5,5,5,5,5,4,4,4,5,5,3,4,3,4,3,5,5,4,3,5,5
"326",509,"4879","Female","IGCSE (British)",5,5,3,5,5,3,1,1,2,1,3,4,5,5,2,3,5,5,5,1086,509,341,"deer","blue","Male",4,5,5,5,3,5,4,4,4,5,5,5,4,4,5,4,5,5,4,5,5,5,5,5,4
"327",511,"4919","Female","IGCSE (British)",3,3,2,4,3,4,2,4,3,3,4,4,5,5,3,3,3,4,4,1088,511,367,"turtle","blue","Female",4,5,4,5,5,4,4,5,3,5,3,4,4,3,4,4,4,4,4,5,4,5,5,5,5
"328",512,"4879","Male","IGCSE (British)",5,5,5,5,5,1,1,3,3,3,5,5,5,5,5,5,5,5,5,1105,512,341,"deer","blue","Male",4,5,5,5,3,5,4,4,4,5,5,5,4,4,5,4,5,5,4,5,5,5,5,5,4
"329",513,"4913","Male","IGCSE (British)",4,5,4,3,4,1,1,2,1,5,3,2,4,3,4,3,5,5,3,1088,513,364,"Starfish","Blue","Male",2,3,5,4,3,4,4,4,4,4,3,3,4,4,5,4,5,4,3,5,4,5,3,4,4
"330",514,"4897","Male","IGCSE (British)",5,5,5,3,3,1,1,1,1,1,1,1,1,2,3,3,3,4,5,1077,514,349,"Llama","Blue","Male",4,4,4,4,3,5,4,4,4,4,4,5,4,4,4,5,4,4,3,4,4,4,4,5,4
"331",515,"4911","Female","IGCSE (British)",3,5,3,5,5,1,1,1,1,1,2,1,1,1,3,4,4,5,5,1082,515,362,"Ship","Blue","Female",5,5,4,4,4,5,5,4,4,5,4,4,5,4,5,5,5,5,4,5,5,5,5,5,5
"332",516,"4904","Male","IGCSE (British)",5,5,4,5,4,1,1,1,1,2,3,1,3,1,4,4,5,5,5,1092,516,356,"Rhino","Blue","Male",5,5,5,5,4,5,5,5,4,5,5,5,4,4,4,5,5,4,4,5,5,5,4,5,5
"333",518,"4910","Female","IGCSE (British)",4,5,3,5,4,1,1,1,1,1,2,1,3,2,3,2,3,3,3,1084,518,361,"sheep","blue","Female",4,4,4,5,3,4,5,3,4,5,4,4,4,4,5,5,4,4,3,5,5,4,4,5,5
"334",519,"4901","Female","IGCSE (British)",4,3,2,4,4,2,2,2,1,2,4,2,2,2,3,3,4,4,3,1091,519,353,"Pelican","Blue","Female",5,5,4,4,4,5,4,4,3,3,4,4,4,4,2,4,5,5,3,5,5,5,5,4,4
"335",520,"4884","Female","IGCSE (British)",5,5,5,5,5,5,3,5,5,3,5,3,3,5,3,3,3,3,3,1117,520,343,"Elephant","Blue","Female",5,4,5,4,3,4,4,4,5,4,5,5,5,4,5,5,5,5,5,5,5,5,5,5,5
"336",521,"4898","Female","IGCSE (British)",3,4,2,5,5,2,2,3,3,3,4,4,5,5,5,5,5,5,5,1117,521,350,"Mouse","Blue","Female",5,5,5,5,5,5,5,5,5,4,4,4,5,5,3,4,3,4,3,5,5,4,3,5,5
"337",522,"4917","Male","IGCSE (British)",5,5,4,5,4,1,3,1,1,1,1,2,4,4,3,3,5,5,5,1106,522,366,"tractor ","Blue ","Male",4,3,4,4,4,4,4,4,5,5,5,4,4,3,5,4,4,5,4,4,4,5,4,4,4
"338",524,"4908","Female","IGCSE (British)",4,4,5,5,4,2,1,1,1,1,3,1,1,1,4,5,5,4,4,1104,524,359,"sealion","Blue","Female",4,4,4,5,4,5,5,5,3,4,4,5,5,4,4,5,5,4,4,4,5,4,4,5,5
"339",525,"4900","Male","IGCSE (British)",4,3,4,5,4,4,3,2,3,4,5,3,5,3,4,3,4,5,5,1123,525,352,"Owl","Blue","Male",4,4,5,4,5,4,5,5,4,4,5,4,3,4,3,4,5,4,4,5,5,5,3,5,5
"340",526,"4922","Female","IGCSE (British)",5,5,3,5,5,3,3,5,3,1,5,4,5,3,4,4,5,5,4,1129,526,370,"Airplane","Gold","Female",3,5,5,4,4,4,3,4,5,4,4,4,4,4,4,5,4,5,2,5,5,5,4,5,5
"341",527,"4906","Female","IGCSE (British)",5,5,4,5,5,5,4,4,4,5,5,5,5,5,4,5,5,5,5,1144,527,357,"sailboat","blue","Female",5,4,5,5,5,5,5,5,4,4,5,5,4,4,4,4,5,5,5,5,5,5,5,4,5
"342",528,"4899","Female","IGCSE (British)",3,5,3,3,5,3,1,1,1,3,3,1,3,3,3,3,3,5,5,1113,528,351,"Octopus","Blue","Female",4,4,5,5,3,4,4,4,5,4,4,4,4,3,5,5,5,4,4,4,4,5,4,5,4
"343",529,"4885","Female","IGCSE (British)",4,5,5,5,4,3,3,4,4,5,5,1,4,3,4,5,5,5,5,1137,529,344,"fox","blue","Female",5,5,5,4,5,5,4,4,3,5,4,4,4,4,5,5,5,5,5,5,5,5,5,5,5
"344",530,"4914","Female","IGCSE (British)",3,5,5,5,5,2,3,3,4,4,5,1,4,5,3,2,4,5,4,1132,530,365,"stingray","blue ","Female",3,3,5,4,4,5,4,4,4,5,5,5,4,5,3,5,5,5,5,5,5,5,5,5,5
"345",531,"4921","Female","IGCSE (British)",4,5,5,4,3,5,4,2,3,3,4,1,5,4,4,3,3,4,5,1133,531,369,"zebra","blue","Female",3,3,4,4,5,4,3,4,4,5,5,5,3,4,4,4,4,4,5,5,5,5,5,5,4
"346",532,"4903","Female","IGCSE (British)",4,5,3,4,5,2,2,2,1,2,3,2,3,2,4,3,4,5,4,1124,532,355,"rabbit ","blue","Female",4,2,4,3,4,3,4,4,5,4,3,5,4,5,4,5,5,4,4,5,4,5,4,5,5
"347",533,"4902","Female","IGCSE (British)",5,3,1,5,5,3,1,1,3,3,5,1,5,5,5,5,3,3,5,1133,533,354,"Penguin","blue","Female",3,4,4,4,4,3,5,4,4,4,4,4,4,5,2,3,4,3,2,5,5,4,2,5,5
"348",534,"4909","Female","IGCSE (British)",5,4,3,3,4,3,2,3,2,2,4,1,4,3,4,2,5,5,4,1131,534,360,"Shark","Blue","Female",3,4,4,4,4,5,5,4,5,3,5,4,3,4,5,4,3,4,5,4,4,5,4,4,4
"349",535,"4912","Female","IGCSE (British)",4,5,3,5,5,3,4,3,3,3,4,1,4,4,3,5,5,5,5,1144,535,363,"Snail","Blue ","Female",5,5,5,5,4,5,4,4,4,4,4,4,3,4,3,3,4,4,4,5,4,4,4,4,4
"350",536,"4926","Female","IGCSE (British)",4,4,3,3,3,3,3,2,2,2,5,2,3,2,2,2,3,3,4,1127,536,371,"bear","gold","Female",3,3,4,3,3,2,3,3,3,4,3,3,2,2,3,3,4,5,5,4,3,4,5,2,2
"351",537,"4886","Female","IGCSE (British)",3,5,5,5,5,2,3,2,1,1,3,1,2,2,5,5,5,5,3,1137,537,345,"Frog","Blue ","Female",4,3,4,4,5,4,3,4,5,5,4,5,3,4,4,5,5,5,5,5,4,4,5,5,5
"352",538,"4907","Male","IGCSE (British)",3,3,2,4,3,1,1,1,1,3,5,5,5,5,4,3,5,4,5,1139,538,358,"seahorse","blue","Male",3,4,4,4,4,4,4,3,4,5,4,4,4,3,3,4,4,4,3,4,4,4,4,4,4
"353",539,"4888","Female","IGCSE (British)",1,3,5,5,5,3,5,1,5,5,5,1,5,5,5,5,5,5,5,1157,539,347,"goat","blue","Female",5,4,5,5,5,5,5,5,5,5,5,4,1,5,1,4,4,5,5,5,5,5,5,5,4
"354",540,"4896","Female","IGCSE (British)",5,5,3,5,4,3,3,1,1,3,5,5,3,2,2,2,3,4,3,1142,540,348,"Lizard","Blue","Female",5,3,4,4,5,5,4,5,3,5,5,5,4,2,3,5,5,5,5,5,5,5,5,5,5
"355",541,"4927","Female","IGCSE (British)",3,3,2,5,5,1,1,2,3,2,4,1,3,3,2,3,2,3,2,1132,541,372,"Bicycle ","Gold","Female",4,3,3,4,3,5,4,3,3,5,4,4,5,4,3,4,4,4,4,4,5,4,4,4,4
"356",542,"4878","Female","IGCSE (British)",5,5,5,5,5,2,2,2,1,1,4,3,4,3,5,4,5,4,5,1154,542,340,"Crocodile","Blue","Female",4,4,5,5,5,5,5,5,4,5,5,5,4,4,4,5,5,5,5,5,5,5,5,5,5
"357",544,"4880","Male","IGCSE (British)",3,5,3,4,3,3,1,1,1,1,1,1,1,1,5,5,5,5,5,1142,544,342,"Dog","Blue","Male",2,3,5,5,5,5,5,4,3,4,5,4,3,2,2,5,5,5,5,5,5,5,5,5,5
"358",545,"4920","Female","IGCSE (British)",3,5,5,5,5,3,4,4,3,5,5,5,5,5,5,5,5,5,5,1177,545,368,"whale","blue","Female",5,4,5,5,5,5,5,5,5,4,4,4,4,4,3,5,4,5,4,5,5,5,5,5,5
"359",546,"4887","Male","IGCSE (British)",3,4,4,3,2,3,3,4,4,4,3,3,4,3,5,4,3,3,4,1158,546,346,"Giraffe","Blue","Male",4,4,5,4,4,4,4,4,4,5,4,4,5,4,5,4,5,4,5,4,4,4,4,3,4
